id,chan_1,chan_2,chan_3,chan_4,created_at
1,0,0,0,0,2022-11-03 16:14:12.157378
2,0,0,0,0,2022-11-03 16:14:12.210690
3,0,0,0,0,2022-11-03 16:14:12.258831
4,0,0,0,0,2022-11-03 16:14:12.325402
5,0,0,0,0,2022-11-03 16:14:12.375275
6,0,0,0,0,2022-11-03 16:14:12.426661
7,0,0,0,0,2022-11-03 16:14:12.476554
8,0,0,0,0,2022-11-03 16:14:12.539236
9,0,0,0,0,2022-11-03 16:14:12.595975
10,0,0,0,0,2022-11-03 16:14:12.642064
11,0,0,0,0,2022-11-03 16:14:12.685620
12,0,0,0,0,2022-11-03 16:14:12.725422
13,0,0,0,0,2022-11-03 16:14:12.767060
14,0,0,0,0,2022-11-03 16:14:12.808782
15,0,0,0,0,2022-11-03 16:14:12.858714
16,0,0,0,0,2022-11-03 16:14:12.902567
17,0,0,0,0,2022-11-03 16:14:12.974199
18,0,0,1,1,2022-11-03 16:14:13.082060
19,0,0,1,1,2022-11-03 16:14:13.151439
20,0,0,1,1,2022-11-03 16:14:13.200213
21,0,0,1,1,2022-11-03 16:14:13.250911
22,0,0,1,1,2022-11-03 16:14:13.300399
23,0,0,1,1,2022-11-03 16:14:13.359137
24,0,0,1,1,2022-11-03 16:14:13.400671
25,0,0,1,1,2022-11-03 16:14:13.458813
26,0,0,1,1,2022-11-03 16:14:13.522465
27,0,0,1,1,2022-11-03 16:14:13.575636
28,0,0,1,1,2022-11-03 16:14:13.635038
29,0,0,1,1,2022-11-03 16:14:13.687086
30,0,0,1,1,2022-11-03 16:14:13.734248
31,0,0,1,1,2022-11-03 16:14:13.783720
32,0,0,1,1,2022-11-03 16:14:13.825491
33,0,0,1,1,2022-11-03 16:14:13.894697
34,0,0,1,1,2022-11-03 16:14:13.983913
35,0,0,1,1,2022-11-03 16:14:14.034422
36,0,0,1,1,2022-11-03 16:14:14.083428
37,0,0,1,1,2022-11-03 16:14:14.143153
38,0,0,1,1,2022-11-03 16:14:14.196291
39,0,0,1,1,2022-11-03 16:14:14.256507
40,0,0,1,1,2022-11-03 16:14:14.311437
41,1,0,0,0,2022-11-03 16:14:14.358802
42,1,0,0,0,2022-11-03 16:14:14.408562
43,1,0,0,0,2022-11-03 16:14:14.461430
44,1,0,0,0,2022-11-03 16:14:14.524755
45,1,0,0,0,2022-11-03 16:14:14.575152
46,1,0,0,0,2022-11-03 16:14:14.625286
47,1,0,0,0,2022-11-03 16:14:14.675378
48,1,0,0,0,2022-11-03 16:14:14.725814
49,1,0,0,0,2022-11-03 16:14:14.775604
50,1,0,0,0,2022-11-03 16:14:14.825600
51,1,0,0,0,2022-11-03 16:14:14.876036
52,1,0,0,0,2022-11-03 16:14:14.934000
53,1,0,0,0,2022-11-03 16:14:14.984627
54,1,0,0,0,2022-11-03 16:14:15.034484
55,1,0,0,0,2022-11-03 16:14:15.083604
56,1,0,0,0,2022-11-03 16:14:15.134112
57,1,0,0,0,2022-11-03 16:14:15.183737
58,1,0,0,0,2022-11-03 16:14:15.233624
59,1,0,0,0,2022-11-03 16:14:15.284096
60,0,0,0,1,2022-11-03 16:14:15.325209
61,0,0,0,1,2022-11-03 16:14:15.375972
62,0,0,0,1,2022-11-03 16:14:15.423597
63,0,0,0,1,2022-11-03 16:14:15.467091
64,0,0,0,1,2022-11-03 16:14:15.518192
65,0,0,0,1,2022-11-03 16:14:15.567074
66,0,0,0,1,2022-11-03 16:14:15.617693
67,0,0,0,1,2022-11-03 16:14:15.667874
68,0,0,0,1,2022-11-03 16:14:15.732196
69,0,0,0,1,2022-11-03 16:14:15.789227
70,0,0,0,1,2022-11-03 16:14:15.842129
71,0,0,0,1,2022-11-03 16:14:15.892741
72,0,0,0,1,2022-11-03 16:14:15.950268
73,0,0,0,1,2022-11-03 16:14:15.993496
74,0,0,0,1,2022-11-03 16:14:16.042132
75,0,0,0,1,2022-11-03 16:14:16.096170
76,0,0,0,1,2022-11-03 16:14:16.142002
77,0,0,0,1,2022-11-03 16:14:16.191868
78,0,0,0,1,2022-11-03 16:14:16.242086
79,0,0,0,1,2022-11-03 16:14:16.299686
80,1,1,1,0,2022-11-03 16:14:16.358257
81,1,1,1,0,2022-11-03 16:14:16.401409
82,1,1,1,0,2022-11-03 16:14:16.454619
83,1,1,1,0,2022-11-03 16:14:16.503464
84,1,1,1,0,2022-11-03 16:14:16.550349
85,1,1,1,0,2022-11-03 16:14:16.604954
86,1,1,1,0,2022-11-03 16:14:16.650227
87,1,1,1,0,2022-11-03 16:14:16.700679
88,1,1,1,0,2022-11-03 16:14:16.750237
89,1,1,1,0,2022-11-03 16:14:16.792077
90,1,1,1,0,2022-11-03 16:14:16.848351
91,1,1,1,0,2022-11-03 16:14:16.917155
92,1,1,1,0,2022-11-03 16:14:16.992952
93,1,1,1,0,2022-11-03 16:14:17.043682
94,1,1,1,0,2022-11-03 16:14:17.094744
95,1,0,0,1,2022-11-03 16:14:17.144463
96,1,0,0,1,2022-11-03 16:14:17.200698
97,1,0,0,1,2022-11-03 16:14:17.259765
98,1,0,0,1,2022-11-03 16:14:17.309235
99,1,0,0,1,2022-11-03 16:14:17.376699
100,1,0,0,1,2022-11-03 16:14:17.486305
101,1,0,0,1,2022-11-03 16:14:17.542077
102,1,0,0,1,2022-11-03 16:14:17.592294
103,1,0,0,1,2022-11-03 16:14:17.642496
104,1,0,0,1,2022-11-03 16:14:17.693896
105,1,0,0,1,2022-11-03 16:14:17.750254
106,1,0,0,1,2022-11-03 16:14:17.800824
107,1,0,0,1,2022-11-03 16:14:17.850514
108,1,0,0,1,2022-11-03 16:14:17.902295
109,1,0,0,1,2022-11-03 16:14:17.958279
110,1,0,0,1,2022-11-03 16:14:18.010000
111,1,0,0,1,2022-11-03 16:14:18.067670
112,1,0,0,1,2022-11-03 16:14:18.136268
113,1,0,0,1,2022-11-03 16:14:18.200190
114,1,0,0,1,2022-11-03 16:14:18.261305
115,1,0,0,1,2022-11-03 16:14:18.329419
116,1,0,1,0,2022-11-03 16:14:18.383482
117,1,0,1,0,2022-11-03 16:14:18.441689
118,1,0,1,0,2022-11-03 16:14:18.491587
119,1,0,1,0,2022-11-03 16:14:18.547285
120,1,0,1,0,2022-11-03 16:14:18.600186
121,1,0,1,0,2022-11-03 16:14:18.656750
122,1,0,1,0,2022-11-03 16:14:18.717147
123,1,0,1,0,2022-11-03 16:14:18.774994
124,1,0,1,0,2022-11-03 16:14:18.828422
125,1,0,1,0,2022-11-03 16:14:18.894629
126,1,0,1,0,2022-11-03 16:14:18.958567
127,1,0,1,0,2022-11-03 16:14:19.017064
128,1,0,1,0,2022-11-03 16:14:19.075014
129,1,0,1,0,2022-11-03 16:14:19.133963
130,1,0,1,0,2022-11-03 16:14:19.192506
131,1,0,1,0,2022-11-03 16:14:19.250077
132,1,0,0,0,2022-11-03 16:14:19.312041
133,1,0,0,0,2022-11-03 16:14:19.374946
134,1,0,0,0,2022-11-03 16:14:19.433940
135,1,0,0,0,2022-11-03 16:14:19.485031
136,1,0,0,0,2022-11-03 16:14:19.549998
137,1,0,0,0,2022-11-03 16:14:19.599993
138,1,0,0,0,2022-11-03 16:14:19.663745
139,1,0,0,0,2022-11-03 16:14:19.726190
140,1,0,0,0,2022-11-03 16:14:19.784488
141,1,0,0,0,2022-11-03 16:14:19.833415
142,1,0,0,0,2022-11-03 16:14:19.892112
143,1,0,0,0,2022-11-03 16:14:19.941649
144,1,0,0,0,2022-11-03 16:14:20.003828
145,1,0,0,0,2022-11-03 16:14:20.166843
146,1,0,0,0,2022-11-03 16:14:20.219148
147,1,0,0,0,2022-11-03 16:14:20.275594
148,1,1,1,0,2022-11-03 16:14:20.335715
149,1,1,1,0,2022-11-03 16:14:20.404234
150,1,1,1,0,2022-11-03 16:14:20.458678
151,1,1,1,0,2022-11-03 16:14:20.518531
152,1,1,1,0,2022-11-03 16:14:20.581732
153,1,1,1,0,2022-11-03 16:14:20.643287
154,1,1,1,0,2022-11-03 16:14:20.708263
155,1,1,1,0,2022-11-03 16:14:20.767886
156,1,1,1,0,2022-11-03 16:14:20.825017
157,1,1,1,0,2022-11-03 16:14:20.883472
158,1,1,1,0,2022-11-03 16:14:20.933486
159,1,1,1,0,2022-11-03 16:14:21.001789
160,1,1,1,0,2022-11-03 16:14:21.058550
161,1,1,1,0,2022-11-03 16:14:21.117539
162,1,1,1,0,2022-11-03 16:14:21.166512
163,1,1,1,0,2022-11-03 16:14:21.225023
164,1,1,1,0,2022-11-03 16:14:21.283818
165,1,1,1,0,2022-11-03 16:14:21.342811
166,1,0,1,1,2022-11-03 16:14:21.395709
167,1,0,1,1,2022-11-03 16:14:21.450344
168,1,0,1,1,2022-11-03 16:14:21.516696
169,1,0,1,1,2022-11-03 16:14:21.575828
170,1,0,1,1,2022-11-03 16:14:21.635188
171,1,0,1,1,2022-11-03 16:14:21.692667
172,1,0,1,1,2022-11-03 16:14:21.758231
173,1,0,1,1,2022-11-03 16:14:21.817740
174,1,0,1,1,2022-11-03 16:14:21.867504
175,1,0,1,1,2022-11-03 16:14:21.917009
176,1,0,1,1,2022-11-03 16:14:21.991622
177,1,0,1,1,2022-11-03 16:14:22.050992
178,1,0,0,0,2022-11-03 16:14:22.124030
179,1,0,0,0,2022-11-03 16:14:22.191713
180,1,0,0,0,2022-11-03 16:14:22.293947
181,1,0,0,0,2022-11-03 16:14:22.350420
182,1,0,0,0,2022-11-03 16:14:22.409882
183,1,0,0,0,2022-11-03 16:14:22.466939
184,1,0,0,0,2022-11-03 16:14:22.525303
185,1,0,0,0,2022-11-03 16:14:22.583667
186,1,0,0,0,2022-11-03 16:14:22.641880
187,1,0,0,0,2022-11-03 16:14:22.699893
188,1,0,0,0,2022-11-03 16:14:22.800226
189,1,0,0,0,2022-11-03 16:14:22.858675
190,1,0,0,0,2022-11-03 16:14:22.917167
191,1,0,0,0,2022-11-03 16:14:22.992256
192,1,0,0,0,2022-11-03 16:14:23.042572
193,1,0,0,0,2022-11-03 16:14:23.100854
194,0,0,1,0,2022-11-03 16:14:23.193680
195,0,0,1,0,2022-11-03 16:14:23.250537
196,0,0,1,0,2022-11-03 16:14:23.308319
197,0,0,1,0,2022-11-03 16:14:23.367093
198,0,0,1,0,2022-11-03 16:14:23.425276
199,0,0,1,0,2022-11-03 16:14:23.535739
200,0,0,1,0,2022-11-03 16:14:23.591597
201,0,0,1,0,2022-11-03 16:14:23.652612
202,0,0,1,0,2022-11-03 16:14:23.708567
203,0,0,1,0,2022-11-03 16:14:23.771262
204,0,0,1,0,2022-11-03 16:14:23.825333
205,0,0,1,0,2022-11-03 16:14:23.875220
206,0,0,1,0,2022-11-03 16:14:23.927893
207,0,0,1,0,2022-11-03 16:14:24.015106
208,0,0,1,0,2022-11-03 16:14:24.067562
209,0,0,1,0,2022-11-03 16:14:24.126176
210,0,0,1,0,2022-11-03 16:14:24.179274
211,0,0,1,0,2022-11-03 16:14:24.238226
212,0,0,1,0,2022-11-03 16:14:24.305934
213,0,0,1,0,2022-11-03 16:14:24.373487
214,0,0,0,0,2022-11-03 16:14:24.433823
215,0,0,0,0,2022-11-03 16:14:24.491827
216,0,0,0,0,2022-11-03 16:14:24.549937
217,0,0,0,0,2022-11-03 16:14:24.618426
218,0,0,0,0,2022-11-03 16:14:24.675332
219,0,0,0,0,2022-11-03 16:14:24.734626
220,0,0,0,0,2022-11-03 16:14:24.792462
221,0,0,0,0,2022-11-03 16:14:24.851092
222,0,0,0,0,2022-11-03 16:14:24.908173
223,0,0,0,0,2022-11-03 16:14:24.966856
224,0,0,0,0,2022-11-03 16:14:25.046887
225,1,0,1,0,2022-11-03 16:14:25.144231
226,1,0,1,0,2022-11-03 16:14:25.356206
227,1,0,1,0,2022-11-03 16:14:25.415330
228,1,0,1,0,2022-11-03 16:14:25.471597
229,1,0,1,0,2022-11-03 16:14:25.530090
230,1,0,1,0,2022-11-03 16:14:25.631157
231,1,0,1,0,2022-11-03 16:14:25.671265
232,1,0,1,0,2022-11-03 16:14:25.730603
233,1,0,1,0,2022-11-03 16:14:25.793804
234,1,0,1,0,2022-11-03 16:14:25.854841
235,1,0,1,0,2022-11-03 16:14:25.904724
236,1,0,1,0,2022-11-03 16:14:25.962775
237,1,0,1,0,2022-11-03 16:14:26.017356
238,1,0,1,0,2022-11-03 16:14:26.071561
239,1,0,1,0,2022-11-03 16:14:26.166944
240,1,0,1,0,2022-11-03 16:14:26.221510
241,1,0,1,0,2022-11-03 16:14:26.271725
242,1,0,1,0,2022-11-03 16:14:26.324675
243,1,0,1,0,2022-11-03 16:14:26.379842
244,1,0,0,0,2022-11-03 16:14:26.429716
245,1,0,0,0,2022-11-03 16:14:26.480778
246,1,0,0,0,2022-11-03 16:14:26.538482
247,1,0,0,0,2022-11-03 16:14:26.592374
248,1,0,0,0,2022-11-03 16:14:26.647272
249,1,0,0,0,2022-11-03 16:14:26.712780
250,1,0,0,0,2022-11-03 16:14:26.771458
251,1,0,0,0,2022-11-03 16:14:26.823750
252,1,0,0,0,2022-11-03 16:14:26.890985
253,1,0,0,0,2022-11-03 16:14:26.939461
254,1,0,0,0,2022-11-03 16:14:27.005249
255,1,0,0,0,2022-11-03 16:14:27.063149
256,1,0,0,0,2022-11-03 16:14:27.113649
257,1,0,0,0,2022-11-03 16:14:27.172267
258,1,0,0,0,2022-11-03 16:14:27.222068
259,1,0,0,0,2022-11-03 16:14:27.279568
260,1,0,0,0,2022-11-03 16:14:27.330180
261,1,0,0,0,2022-11-03 16:14:27.389654
262,1,0,0,0,2022-11-03 16:14:27.446539
263,1,0,0,0,2022-11-03 16:14:27.504399
264,1,0,0,0,2022-11-03 16:14:27.563560
265,1,0,0,0,2022-11-03 16:14:27.613612
266,1,0,0,0,2022-11-03 16:14:27.654751
267,1,0,0,0,2022-11-03 16:14:27.704756
268,1,0,0,0,2022-11-03 16:14:27.763181
269,1,0,0,0,2022-11-03 16:14:27.829411
270,1,0,0,0,2022-11-03 16:14:27.888115
271,1,0,0,0,2022-11-03 16:14:27.947085
272,1,0,0,0,2022-11-03 16:14:28.024570
273,1,0,0,0,2022-11-03 16:14:28.086393
274,1,0,0,0,2022-11-03 16:14:28.167035
275,1,0,0,0,2022-11-03 16:14:28.233247
276,1,0,0,0,2022-11-03 16:14:28.288137
277,1,0,0,0,2022-11-03 16:14:28.348054
278,1,0,0,0,2022-11-03 16:14:28.401435
279,0,0,0,0,2022-11-03 16:14:30.794798
280,0,0,0,0,2022-11-03 16:14:30.879852
281,0,0,0,0,2022-11-03 16:14:30.937955
282,0,0,0,0,2022-11-03 16:14:31.014904
283,0,0,0,0,2022-11-03 16:14:31.072411
284,0,0,0,0,2022-11-03 16:14:31.145545
285,0,0,0,0,2022-11-03 16:14:31.199298
286,0,0,0,0,2022-11-03 16:14:31.247110
287,1,1,1,1,2022-11-03 16:14:31.298696
288,1,1,1,1,2022-11-03 16:14:31.355018
289,1,1,1,1,2022-11-03 16:14:31.432204
290,1,1,1,1,2022-11-03 16:14:31.495144
291,1,1,1,1,2022-11-03 16:14:31.555538
292,1,1,1,1,2022-11-03 16:14:31.614245
293,1,1,1,1,2022-11-03 16:14:31.671627
294,1,1,1,1,2022-11-03 16:14:31.721373
295,1,1,1,1,2022-11-03 16:14:31.780308
296,1,1,1,1,2022-11-03 16:14:31.838336
297,1,1,1,1,2022-11-03 16:14:31.896693
298,1,1,1,1,2022-11-03 16:14:31.954959
299,1,1,1,1,2022-11-03 16:14:32.013904
300,1,1,1,1,2022-11-03 16:14:32.071612
301,1,1,1,1,2022-11-03 16:14:32.132552
302,1,1,1,1,2022-11-03 16:14:32.188050
303,1,1,1,1,2022-11-03 16:14:32.240049
304,1,1,1,1,2022-11-03 16:14:32.296354
305,1,1,1,1,2022-11-03 16:14:32.347637
306,0,0,1,0,2022-11-03 16:14:32.396596
307,0,0,1,0,2022-11-03 16:14:32.446695
308,0,0,1,0,2022-11-03 16:14:32.503699
309,0,0,1,0,2022-11-03 16:14:32.556492
310,0,0,1,0,2022-11-03 16:14:32.632390
311,0,0,1,0,2022-11-03 16:14:32.690983
312,0,0,1,0,2022-11-03 16:14:32.771552
313,0,0,1,0,2022-11-03 16:14:32.830087
314,0,0,1,0,2022-11-03 16:14:32.872501
315,0,0,1,0,2022-11-03 16:14:32.930172
316,0,0,1,0,2022-11-03 16:14:33.006426
317,0,0,1,0,2022-11-03 16:14:33.063963
318,0,0,1,0,2022-11-03 16:14:33.122811
319,0,0,1,0,2022-11-03 16:14:33.194555
320,1,1,0,1,2022-11-03 16:14:33.264972
321,1,1,0,1,2022-11-03 16:14:33.321683
322,1,1,0,1,2022-11-03 16:14:33.381203
323,1,1,0,1,2022-11-03 16:14:33.438806
324,1,1,0,1,2022-11-03 16:14:33.496398
325,1,1,0,1,2022-11-03 16:14:33.548169
326,1,1,0,1,2022-11-03 16:14:33.604687
327,1,1,0,1,2022-11-03 16:14:33.667605
328,1,1,0,1,2022-11-03 16:14:33.727051
329,1,1,0,1,2022-11-03 16:14:33.780042
330,1,1,0,1,2022-11-03 16:14:33.896498
331,1,1,0,1,2022-11-03 16:14:33.946430
332,1,1,0,1,2022-11-03 16:14:34.025490
333,1,1,0,1,2022-11-03 16:14:34.079655
334,0,0,0,0,2022-11-03 16:14:34.163015
335,0,0,0,0,2022-11-03 16:14:34.213467
336,0,0,0,0,2022-11-03 16:14:34.271361
337,0,0,0,0,2022-11-03 16:14:34.348836
338,0,0,0,0,2022-11-03 16:14:34.396337
339,0,0,0,0,2022-11-03 16:14:34.450208
340,0,0,0,0,2022-11-03 16:14:34.496246
341,0,0,0,0,2022-11-03 16:14:34.550266
342,0,0,0,0,2022-11-03 16:14:34.596762
343,0,0,0,0,2022-11-03 16:14:34.648084
344,0,0,0,0,2022-11-03 16:14:34.707487
345,0,0,0,0,2022-11-03 16:14:34.752089
346,0,0,0,0,2022-11-03 16:14:34.813651
347,0,0,0,0,2022-11-03 16:14:34.876497
348,0,0,0,0,2022-11-03 16:14:34.937723
349,0,0,0,0,2022-11-03 16:14:35.014408
350,0,0,0,0,2022-11-03 16:14:35.086755
351,0,0,0,0,2022-11-03 16:14:35.146704
352,1,1,0,0,2022-11-03 16:14:35.196542
353,1,1,0,0,2022-11-03 16:14:35.255172
354,1,1,0,0,2022-11-03 16:14:35.319484
355,1,1,0,0,2022-11-03 16:14:35.380149
356,1,1,0,0,2022-11-03 16:14:35.455134
357,1,1,0,0,2022-11-03 16:14:35.499636
358,1,1,0,0,2022-11-03 16:14:35.554955
359,1,1,0,0,2022-11-03 16:14:35.605340
360,1,1,0,0,2022-11-03 16:14:35.649855
361,1,1,0,0,2022-11-03 16:14:35.698388
362,1,1,0,0,2022-11-03 16:14:35.740503
363,1,1,0,0,2022-11-03 16:14:35.797111
364,1,1,0,0,2022-11-03 16:14:35.846782
365,1,1,0,0,2022-11-03 16:14:35.896346
366,1,1,0,0,2022-11-03 16:14:35.963434
367,1,1,0,0,2022-11-03 16:14:36.013486
368,1,1,0,0,2022-11-03 16:14:36.063282
369,1,1,0,0,2022-11-03 16:14:36.115084
370,1,1,0,0,2022-11-03 16:14:36.172849
371,1,1,0,0,2022-11-03 16:14:36.230096
372,1,1,0,0,2022-11-03 16:14:36.286535
373,0,0,1,0,2022-11-03 16:14:36.347165
374,0,0,1,0,2022-11-03 16:14:36.396660
375,0,0,1,0,2022-11-03 16:14:36.447363
376,0,0,1,0,2022-11-03 16:14:36.513938
377,0,0,1,0,2022-11-03 16:14:36.571640
378,0,0,1,0,2022-11-03 16:14:36.629992
379,0,0,1,0,2022-11-03 16:14:36.688449
380,0,0,1,0,2022-11-03 16:14:36.747021
381,0,0,1,0,2022-11-03 16:14:36.805419
382,0,0,1,0,2022-11-03 16:14:36.863624
383,0,0,1,0,2022-11-03 16:14:36.913316
384,0,0,1,0,2022-11-03 16:14:36.971613
385,0,0,1,0,2022-11-03 16:14:37.029904
386,0,0,1,0,2022-11-03 16:14:37.088135
387,0,0,1,0,2022-11-03 16:14:37.157245
388,0,0,1,0,2022-11-03 16:14:37.218784
389,0,0,1,0,2022-11-03 16:14:37.272693
390,0,0,1,0,2022-11-03 16:14:37.331133
391,0,0,1,0,2022-11-03 16:14:37.437323
392,0,0,1,0,2022-11-03 16:14:37.487890
393,0,0,1,0,2022-11-03 16:14:37.550006
394,0,0,1,0,2022-11-03 16:14:37.607256
395,0,0,1,0,2022-11-03 16:14:37.663255
396,0,0,1,0,2022-11-03 16:14:37.723129
397,0,0,1,0,2022-11-03 16:14:37.817713
398,0,0,1,0,2022-11-03 16:14:37.878905
399,0,0,1,0,2022-11-03 16:14:37.934615
400,0,0,1,0,2022-11-03 16:14:37.997040
401,0,0,1,0,2022-11-03 16:14:38.055252
402,0,0,1,0,2022-11-03 16:14:38.116543
403,0,0,1,0,2022-11-03 16:14:38.172040
404,0,0,1,0,2022-11-03 16:14:38.234895
405,0,0,1,0,2022-11-03 16:14:38.288472
406,0,0,0,0,2022-11-03 16:14:38.346741
407,0,0,0,0,2022-11-03 16:14:38.405810
408,0,0,0,0,2022-11-03 16:14:38.467807
409,0,0,0,0,2022-11-03 16:14:38.523292
410,0,0,0,0,2022-11-03 16:14:38.579963
411,0,0,0,0,2022-11-03 16:14:38.641755
412,0,0,0,0,2022-11-03 16:14:38.704674
413,0,0,0,0,2022-11-03 16:14:38.763455
414,0,0,0,0,2022-11-03 16:14:38.821416
415,0,0,0,0,2022-11-03 16:14:38.879984
416,0,0,0,0,2022-11-03 16:14:38.942617
417,0,0,0,0,2022-11-03 16:14:38.998152
418,0,0,0,0,2022-11-03 16:14:39.051673
419,0,0,0,0,2022-11-03 16:14:39.101039
420,0,0,0,0,2022-11-03 16:14:39.163073
421,0,0,0,0,2022-11-03 16:14:39.214448
422,0,0,0,0,2022-11-03 16:14:39.271712
423,1,0,0,0,2022-11-03 16:14:39.330446
424,1,0,0,0,2022-11-03 16:14:39.387935
425,1,0,0,0,2022-11-03 16:14:39.446997
426,1,0,0,0,2022-11-03 16:14:39.505159
427,1,0,0,0,2022-11-03 16:14:39.563200
428,1,0,0,0,2022-11-03 16:14:39.621871
429,1,0,0,0,2022-11-03 16:14:39.698701
430,1,0,0,0,2022-11-03 16:14:39.765893
431,1,0,0,0,2022-11-03 16:14:39.906976
432,1,0,0,0,2022-11-03 16:14:39.954736
433,1,0,0,0,2022-11-03 16:14:40.020850
434,1,0,0,0,2022-11-03 16:14:40.084493
435,1,0,0,0,2022-11-03 16:14:40.140581
436,1,0,0,0,2022-11-03 16:14:40.197329
437,1,0,0,0,2022-11-03 16:14:40.254908
438,1,0,0,0,2022-11-03 16:14:40.305087
439,1,0,0,0,2022-11-03 16:14:40.360985
440,1,1,0,0,2022-11-03 16:14:40.432475
441,0,1,0,0,2022-11-03 16:14:40.498478
442,0,1,0,0,2022-11-03 16:14:40.546978
443,0,1,0,0,2022-11-03 16:14:40.608914
444,0,1,0,0,2022-11-03 16:14:40.680098
445,0,1,0,0,2022-11-03 16:14:40.739003
446,0,1,0,0,2022-11-03 16:14:40.796664
447,0,1,0,0,2022-11-03 16:14:40.854857
448,0,1,0,0,2022-11-03 16:14:40.913653
449,0,1,0,0,2022-11-03 16:14:40.963301
450,0,1,0,0,2022-11-03 16:14:41.030041
451,0,1,0,0,2022-11-03 16:14:41.089477
452,0,1,0,0,2022-11-03 16:14:41.154935
453,0,1,0,0,2022-11-03 16:14:41.234603
454,0,1,0,0,2022-11-03 16:14:41.288244
455,1,0,1,0,2022-11-03 16:14:41.338258
456,1,0,1,0,2022-11-03 16:14:41.388436
457,1,0,1,0,2022-11-03 16:14:41.438490
458,1,0,1,0,2022-11-03 16:14:41.496858
459,1,0,1,0,2022-11-03 16:14:41.555095
460,1,0,1,0,2022-11-03 16:14:41.613055
461,1,0,1,0,2022-11-03 16:14:41.686265
462,1,0,1,0,2022-11-03 16:14:41.777901
463,1,0,1,0,2022-11-03 16:14:41.830092
464,1,0,1,0,2022-11-03 16:14:41.882175
465,1,0,1,0,2022-11-03 16:14:41.939907
466,1,0,1,0,2022-11-03 16:14:42.006494
467,1,0,1,0,2022-11-03 16:14:42.101516
468,0,0,0,0,2022-11-03 16:14:42.154759
469,0,0,0,0,2022-11-03 16:14:42.205028
470,0,0,0,0,2022-11-03 16:14:42.255887
471,0,0,0,0,2022-11-03 16:14:42.305632
472,0,0,0,0,2022-11-03 16:14:42.355080
473,0,0,0,0,2022-11-03 16:14:42.407417
474,0,0,0,0,2022-11-03 16:14:42.463063
475,0,0,0,0,2022-11-03 16:14:42.506294
476,0,0,0,0,2022-11-03 16:14:42.560438
477,0,0,0,0,2022-11-03 16:14:42.609263
478,0,0,0,0,2022-11-03 16:14:42.656392
479,0,0,0,0,2022-11-03 16:14:42.740039
480,0,0,0,0,2022-11-03 16:14:42.791986
481,0,0,0,0,2022-11-03 16:14:42.855436
482,0,0,0,0,2022-11-03 16:14:42.913104
483,0,0,0,0,2022-11-03 16:14:43.005058
484,0,0,0,0,2022-11-03 16:14:43.054950
485,0,0,0,0,2022-11-03 16:14:43.106136
486,0,0,0,0,2022-11-03 16:14:43.213589
487,0,1,1,0,2022-11-03 16:14:43.271488
488,0,1,1,0,2022-11-03 16:14:43.321666
489,0,1,1,0,2022-11-03 16:14:43.374690
490,0,1,1,0,2022-11-03 16:14:43.471788
491,0,1,1,0,2022-11-03 16:14:43.526312
492,0,1,1,0,2022-11-03 16:14:43.593677
493,0,1,1,0,2022-11-03 16:14:43.657364
494,0,1,1,0,2022-11-03 16:14:43.715671
495,0,1,1,0,2022-11-03 16:14:43.759502
496,0,1,1,0,2022-11-03 16:14:43.822152
497,0,1,1,0,2022-11-03 16:14:43.875454
498,0,1,1,0,2022-11-03 16:14:43.917137
499,0,1,1,0,2022-11-03 16:14:43.972319
500,0,1,1,0,2022-11-03 16:14:44.050559
501,0,1,1,0,2022-11-03 16:14:44.096334
502,0,1,1,0,2022-11-03 16:14:44.146703
503,0,1,1,0,2022-11-03 16:14:44.198684
504,0,1,1,0,2022-11-03 16:14:44.249964
505,0,1,1,0,2022-11-03 16:14:44.309737
506,0,0,0,0,2022-11-03 16:14:44.355919
507,0,0,0,0,2022-11-03 16:14:44.421469
508,0,0,0,0,2022-11-03 16:14:44.480851
509,0,0,0,0,2022-11-03 16:14:44.549636
510,0,0,0,0,2022-11-03 16:14:44.604797
511,0,0,0,0,2022-11-03 16:14:44.679582
512,0,0,0,0,2022-11-03 16:14:44.738496
513,0,0,0,0,2022-11-03 16:14:44.801737
514,0,0,0,0,2022-11-03 16:14:44.865913
515,0,0,0,0,2022-11-03 16:14:44.921942
516,0,0,0,0,2022-11-03 16:14:44.971720
517,0,0,0,0,2022-11-03 16:14:45.039929
518,0,0,0,0,2022-11-03 16:14:45.101812
519,0,0,0,0,2022-11-03 16:14:45.159505
520,0,0,0,0,2022-11-03 16:14:45.214081
521,0,0,0,0,2022-11-03 16:14:45.305548
522,0,0,0,0,2022-11-03 16:14:45.355003
523,0,0,0,0,2022-11-03 16:14:45.413361
524,0,0,0,0,2022-11-03 16:14:45.464782
525,0,1,0,0,2022-11-03 16:14:45.563454
526,0,1,0,0,2022-11-03 16:14:45.631052
527,0,1,0,0,2022-11-03 16:14:45.706786
528,0,1,0,0,2022-11-03 16:14:45.830913
529,0,1,0,0,2022-11-03 16:14:45.887373
530,0,1,0,0,2022-11-03 16:14:45.949254
531,0,1,0,0,2022-11-03 16:14:46.005863
532,0,1,0,0,2022-11-03 16:14:46.106041
533,0,1,0,0,2022-11-03 16:14:46.165192
534,0,1,0,0,2022-11-03 16:14:46.216643
535,0,1,0,0,2022-11-03 16:14:46.315275
536,1,0,1,0,2022-11-03 16:14:46.374980
537,1,0,1,0,2022-11-03 16:14:46.431041
538,1,0,1,0,2022-11-03 16:14:46.480437
539,1,0,1,0,2022-11-03 16:14:46.590753
540,1,0,1,0,2022-11-03 16:14:46.647135
541,1,0,1,0,2022-11-03 16:14:46.720642
542,1,0,1,0,2022-11-03 16:14:46.787428
543,1,0,1,0,2022-11-03 16:14:46.855370
544,1,0,1,0,2022-11-03 16:14:46.929428
545,1,0,1,0,2022-11-03 16:14:46.995647
546,1,0,1,0,2022-11-03 16:14:47.075948
547,1,0,1,0,2022-11-03 16:14:47.152938
548,1,0,1,0,2022-11-03 16:14:47.262738
549,1,0,1,0,2022-11-03 16:14:47.329863
550,1,0,1,0,2022-11-03 16:14:47.395944
551,1,0,1,0,2022-11-03 16:14:47.490930
552,1,0,1,1,2022-11-03 16:14:47.570992
553,1,0,1,1,2022-11-03 16:14:47.637667
554,1,0,1,1,2022-11-03 16:14:47.699491
555,1,0,1,1,2022-11-03 16:14:47.762438
556,1,0,1,1,2022-11-03 16:14:47.821516
557,1,0,1,1,2022-11-03 16:14:47.879207
558,1,0,1,1,2022-11-03 16:14:47.946272
559,1,0,1,1,2022-11-03 16:14:48.004159
560,1,0,1,1,2022-11-03 16:14:48.071251
561,1,0,0,0,2022-11-03 16:14:48.137567
562,1,0,0,0,2022-11-03 16:14:48.204628
563,1,0,0,0,2022-11-03 16:14:48.262448
564,1,0,0,0,2022-11-03 16:14:48.329064
565,1,0,0,0,2022-11-03 16:14:48.398974
566,1,0,0,0,2022-11-03 16:14:48.471541
567,1,0,0,0,2022-11-03 16:14:48.546207
568,1,0,0,0,2022-11-03 16:14:48.623504
569,1,0,0,0,2022-11-03 16:14:48.749758
570,1,0,0,0,2022-11-03 16:14:48.821028
571,1,0,0,0,2022-11-03 16:14:48.879538
572,1,0,0,0,2022-11-03 16:14:48.954148
573,1,0,0,0,2022-11-03 16:14:49.045806
574,1,0,0,0,2022-11-03 16:14:49.154945
575,1,0,0,0,2022-11-03 16:14:49.229550
576,1,1,0,0,2022-11-03 16:14:49.314110
577,1,1,0,0,2022-11-03 16:14:49.387536
578,1,1,0,0,2022-11-03 16:14:49.454308
579,1,1,0,0,2022-11-03 16:14:49.530314
580,1,1,0,0,2022-11-03 16:14:49.604557
581,1,1,0,0,2022-11-03 16:14:49.671055
582,1,1,0,0,2022-11-03 16:14:49.740642
583,1,1,0,0,2022-11-03 16:14:49.812845
584,1,1,0,0,2022-11-03 16:14:49.887695
585,1,1,0,0,2022-11-03 16:14:50.004507
586,1,1,0,0,2022-11-03 16:14:50.067281
587,1,1,0,0,2022-11-03 16:14:50.138665
588,1,0,1,0,2022-11-03 16:14:50.212615
589,1,0,1,0,2022-11-03 16:14:50.329529
590,1,0,1,0,2022-11-03 16:14:50.404580
591,1,0,1,0,2022-11-03 16:14:50.479759
592,1,0,1,0,2022-11-03 16:14:50.561966
593,1,0,1,0,2022-11-03 16:14:50.633266
594,1,0,1,0,2022-11-03 16:14:50.704231
595,1,0,1,0,2022-11-03 16:14:50.929441
596,1,0,1,0,2022-11-03 16:14:51.000302
597,1,0,1,0,2022-11-03 16:14:51.070680
598,1,0,0,1,2022-11-03 16:14:51.145917
599,1,0,0,1,2022-11-03 16:14:51.222068
600,1,0,0,1,2022-11-03 16:14:51.296227
601,1,0,0,1,2022-11-03 16:14:51.373590
602,1,0,0,1,2022-11-03 16:14:51.451242
603,1,0,0,1,2022-11-03 16:14:51.535898
604,1,0,0,1,2022-11-03 16:14:51.604141
605,1,0,0,1,2022-11-03 16:14:51.683756
606,1,0,0,1,2022-11-03 16:14:51.745552
607,1,0,0,1,2022-11-03 16:14:51.812938
608,1,0,0,1,2022-11-03 16:14:51.914610
609,1,0,0,1,2022-11-03 16:14:52.038632
610,1,0,0,1,2022-11-03 16:14:52.106402
611,1,0,0,1,2022-11-03 16:14:52.180707
612,1,0,0,1,2022-11-03 16:14:52.247454
613,1,0,0,1,2022-11-03 16:14:52.321450
614,1,0,0,1,2022-11-03 16:14:52.388421
615,1,0,0,1,2022-11-03 16:14:52.462906
616,1,0,1,1,2022-11-03 16:14:52.535414
617,1,0,1,1,2022-11-03 16:14:52.942583
618,1,0,1,1,2022-11-03 16:14:53.013202
619,1,0,1,1,2022-11-03 16:14:53.079661
620,1,0,1,1,2022-11-03 16:14:53.147185
621,1,0,1,1,2022-11-03 16:14:53.215392
622,1,0,1,1,2022-11-03 16:14:53.306998
623,1,0,1,0,2022-11-03 16:14:53.391574
624,1,0,1,0,2022-11-03 16:14:53.464806
625,1,0,1,0,2022-11-03 16:14:53.544071
626,1,0,1,0,2022-11-03 16:14:53.614935
627,1,0,1,0,2022-11-03 16:14:53.691083
628,1,0,1,0,2022-11-03 16:14:53.763417
629,1,0,1,0,2022-11-03 16:14:53.831635
630,1,0,1,0,2022-11-03 16:14:53.896141
631,1,0,1,0,2022-11-03 16:14:53.966578
632,1,0,1,0,2022-11-03 16:14:54.046026
633,1,0,1,0,2022-11-03 16:14:54.112931
634,1,0,1,0,2022-11-03 16:14:54.182466
635,1,0,1,0,2022-11-03 16:14:54.254567
636,1,0,0,0,2022-11-03 16:14:54.321079
637,1,0,0,0,2022-11-03 16:14:54.388080
638,1,0,0,0,2022-11-03 16:14:54.454281
639,1,0,0,0,2022-11-03 16:14:54.529714
640,1,0,0,0,2022-11-03 16:14:54.596125
641,1,0,0,0,2022-11-03 16:14:54.665997
642,1,0,0,0,2022-11-03 16:14:54.738240
643,1,0,0,0,2022-11-03 16:14:54.804589
644,1,0,0,0,2022-11-03 16:14:54.864729
645,1,0,0,0,2022-11-03 16:14:54.927398
646,1,0,0,0,2022-11-03 16:14:55.021263
647,1,0,0,0,2022-11-03 16:14:55.104631
648,1,0,0,0,2022-11-03 16:14:55.167912
649,1,0,0,0,2022-11-03 16:14:55.223960
650,1,0,0,0,2022-11-03 16:14:55.286843
651,1,0,1,1,2022-11-03 16:14:55.399084
652,1,0,1,1,2022-11-03 16:14:55.463969
653,1,0,1,1,2022-11-03 16:14:55.519484
654,1,0,1,1,2022-11-03 16:14:55.583775
655,1,0,1,1,2022-11-03 16:14:55.639543
656,1,0,1,1,2022-11-03 16:14:55.703722
657,1,0,1,1,2022-11-03 16:14:59.333713
658,1,0,1,1,2022-11-03 16:14:59.446708
659,1,0,1,1,2022-11-03 16:14:59.496987
660,1,0,1,1,2022-11-03 16:14:59.554834
661,1,0,1,1,2022-11-03 16:14:59.606462
662,1,0,1,1,2022-11-03 16:14:59.675151
663,1,0,1,1,2022-11-03 16:14:59.726344
664,1,0,1,1,2022-11-03 16:14:59.780102
665,1,0,1,1,2022-11-03 16:14:59.839180
666,1,0,1,1,2022-11-03 16:14:59.907528
667,1,0,1,1,2022-11-03 16:14:59.983048
668,1,0,1,1,2022-11-03 16:15:00.040365
669,1,0,1,1,2022-11-03 16:15:00.114814
670,1,0,1,1,2022-11-03 16:15:00.170919
671,1,0,1,1,2022-11-03 16:15:00.223062
672,1,0,1,1,2022-11-03 16:15:00.280839
673,1,0,1,1,2022-11-03 16:15:00.340096
674,1,0,1,1,2022-11-03 16:15:00.388523
675,1,0,0,0,2022-11-03 16:15:00.450108
676,1,0,0,0,2022-11-03 16:15:00.496782
677,1,0,0,0,2022-11-03 16:15:00.563368
678,1,0,0,0,2022-11-03 16:15:00.621944
679,1,0,0,0,2022-11-03 16:15:00.684259
680,1,0,0,0,2022-11-03 16:15:00.746413
681,1,0,0,0,2022-11-03 16:15:00.806542
682,1,0,0,0,2022-11-03 16:15:00.854987
683,1,0,0,0,2022-11-03 16:15:00.913673
684,1,0,0,0,2022-11-03 16:15:00.971973
685,1,0,0,0,2022-11-03 16:15:01.030507
686,1,0,0,0,2022-11-03 16:15:01.108272
687,1,0,0,0,2022-11-03 16:15:01.163365
688,1,0,1,0,2022-11-03 16:15:01.221745
689,1,0,1,0,2022-11-03 16:15:01.280322
690,1,0,1,0,2022-11-03 16:15:01.338752
691,1,0,1,0,2022-11-03 16:15:01.397310
692,1,0,1,0,2022-11-03 16:15:01.455007
693,1,0,1,0,2022-11-03 16:15:01.514840
694,1,0,1,0,2022-11-03 16:15:01.571596
695,1,0,1,0,2022-11-03 16:15:01.630552
696,1,0,1,0,2022-11-03 16:15:01.688259
697,1,0,1,0,2022-11-03 16:15:01.746924
698,1,0,1,0,2022-11-03 16:15:01.805391
699,1,0,1,0,2022-11-03 16:15:01.863555
700,1,0,1,0,2022-11-03 16:15:01.916186
701,1,0,1,0,2022-11-03 16:15:01.964298
702,1,0,1,0,2022-11-03 16:15:02.022747
703,1,0,1,0,2022-11-03 16:15:02.105503
704,1,0,1,0,2022-11-03 16:15:02.173987
705,0,0,1,0,2022-11-03 16:15:02.230300
706,0,0,1,0,2022-11-03 16:15:02.297926
707,0,0,1,0,2022-11-03 16:15:02.355154
708,0,0,1,0,2022-11-03 16:15:02.413737
709,0,0,1,0,2022-11-03 16:15:02.471962
710,0,0,1,0,2022-11-03 16:15:02.530409
711,0,0,1,0,2022-11-03 16:15:02.599901
712,0,0,1,0,2022-11-03 16:15:02.663328
713,0,0,1,0,2022-11-03 16:15:02.726321
714,0,0,1,0,2022-11-03 16:15:02.780150
715,0,0,1,0,2022-11-03 16:15:02.838593
716,0,0,1,0,2022-11-03 16:15:02.898658
717,0,0,1,0,2022-11-03 16:15:02.960583
718,0,0,1,0,2022-11-03 16:15:03.054728
719,0,0,1,0,2022-11-03 16:15:03.098425
720,0,0,1,0,2022-11-03 16:15:03.149884
721,0,1,1,0,2022-11-03 16:15:03.196773
722,0,1,1,0,2022-11-03 16:15:03.261497
723,0,1,1,0,2022-11-03 16:15:03.313872
724,0,1,1,0,2022-11-03 16:15:03.375679
725,0,1,1,0,2022-11-03 16:15:03.433843
726,0,1,1,0,2022-11-03 16:15:03.489587
727,0,1,1,0,2022-11-03 16:15:03.547506
728,0,1,1,0,2022-11-03 16:15:03.605189
729,0,1,1,0,2022-11-03 16:15:03.656253
730,0,1,1,0,2022-11-03 16:15:03.713473
731,0,1,1,0,2022-11-03 16:15:03.764928
732,0,1,1,0,2022-11-03 16:15:03.821893
733,0,1,1,0,2022-11-03 16:15:03.880928
734,0,1,1,0,2022-11-03 16:15:03.934046
735,0,1,1,0,2022-11-03 16:15:04.000198
736,0,1,1,0,2022-11-03 16:15:04.058338
737,0,1,1,0,2022-11-03 16:15:04.118125
738,0,1,1,0,2022-11-03 16:15:04.176008
739,0,1,1,0,2022-11-03 16:15:04.239219
740,0,1,1,0,2022-11-03 16:15:04.288679
741,1,0,1,0,2022-11-03 16:15:04.356159
742,1,0,1,0,2022-11-03 16:15:04.414478
743,1,0,1,0,2022-11-03 16:15:04.456331
744,1,0,1,0,2022-11-03 16:15:04.522901
745,1,0,1,0,2022-11-03 16:15:04.580193
746,1,0,1,0,2022-11-03 16:15:04.652264
747,1,0,1,0,2022-11-03 16:15:04.715314
748,1,0,1,0,2022-11-03 16:15:04.771891
749,1,0,1,0,2022-11-03 16:15:04.822935
750,1,0,1,0,2022-11-03 16:15:04.871761
751,1,0,1,0,2022-11-03 16:15:04.922508
752,1,0,1,0,2022-11-03 16:15:04.978562
753,1,0,1,0,2022-11-03 16:15:05.033934
754,1,0,1,0,2022-11-03 16:15:05.113762
755,1,0,1,0,2022-11-03 16:15:05.168658
756,1,0,1,0,2022-11-03 16:15:05.230496
757,0,0,1,0,2022-11-03 16:15:05.277690
758,0,0,1,0,2022-11-03 16:15:05.322588
759,0,0,1,0,2022-11-03 16:15:05.380587
760,0,0,1,0,2022-11-03 16:15:05.431156
761,0,0,1,0,2022-11-03 16:15:05.497173
762,0,0,1,0,2022-11-03 16:15:05.566562
763,0,0,1,0,2022-11-03 16:15:05.640113
764,0,0,1,0,2022-11-03 16:15:05.708651
765,0,0,1,0,2022-11-03 16:15:05.763887
766,0,0,1,0,2022-11-03 16:15:05.863668
767,0,0,1,0,2022-11-03 16:15:05.917311
768,0,0,1,0,2022-11-03 16:15:05.963472
769,0,0,1,0,2022-11-03 16:15:06.013671
770,0,0,1,0,2022-11-03 16:15:06.066990
771,0,0,1,0,2022-11-03 16:15:06.232641
772,0,0,1,0,2022-11-03 16:15:06.455169
773,0,0,1,0,2022-11-03 16:15:06.505126
774,0,0,1,0,2022-11-03 16:15:06.555392
775,0,0,1,0,2022-11-03 16:15:06.615120
776,0,0,1,0,2022-11-03 16:15:06.672498
777,0,0,1,0,2022-11-03 16:15:06.731641
778,0,0,1,0,2022-11-03 16:15:06.781379
779,0,0,1,0,2022-11-03 16:15:06.843566
780,0,0,1,0,2022-11-03 16:15:06.890768
781,0,0,1,0,2022-11-03 16:15:06.947027
782,0,0,1,0,2022-11-03 16:15:07.005295
783,0,0,1,0,2022-11-03 16:15:07.068034
784,0,0,1,0,2022-11-03 16:15:07.163869
785,0,0,1,0,2022-11-03 16:15:07.215157
786,1,1,1,0,2022-11-03 16:15:07.274460
787,1,1,1,0,2022-11-03 16:15:07.338417
788,1,1,1,0,2022-11-03 16:15:07.397287
789,1,1,1,0,2022-11-03 16:15:07.455077
790,1,1,1,0,2022-11-03 16:15:07.513538
791,1,1,1,0,2022-11-03 16:15:07.573202
792,1,1,1,0,2022-11-03 16:15:07.631023
793,1,1,1,0,2022-11-03 16:15:07.688491
794,1,1,1,0,2022-11-03 16:15:07.750656
795,1,1,1,0,2022-11-03 16:15:07.820178
796,1,1,1,0,2022-11-03 16:15:07.871965
797,1,1,1,0,2022-11-03 16:15:07.933599
798,1,1,1,0,2022-11-03 16:15:07.990023
799,1,1,1,0,2022-11-03 16:15:08.046935
800,1,1,1,0,2022-11-03 16:15:08.155501
801,1,1,1,0,2022-11-03 16:15:08.230609
802,1,1,1,0,2022-11-03 16:15:08.280454
803,1,0,0,1,2022-11-03 16:15:08.345098
804,1,0,0,1,2022-11-03 16:15:08.410991
805,1,0,0,1,2022-11-03 16:15:08.466045
806,1,0,0,1,2022-11-03 16:15:08.532700
807,1,0,0,1,2022-11-03 16:15:08.588579
808,1,0,0,1,2022-11-03 16:15:08.647087
809,1,0,0,1,2022-11-03 16:15:08.705600
810,1,0,0,1,2022-11-03 16:15:08.798975
811,1,0,0,1,2022-11-03 16:15:08.855396
812,1,0,0,1,2022-11-03 16:15:08.914873
813,1,0,0,1,2022-11-03 16:15:08.974185
814,1,0,0,1,2022-11-03 16:15:09.031356
815,1,0,0,1,2022-11-03 16:15:09.109061
816,1,0,0,1,2022-11-03 16:15:09.163752
817,1,0,0,1,2022-11-03 16:15:09.225253
818,1,0,0,1,2022-11-03 16:15:09.284138
819,1,0,0,1,2022-11-03 16:15:09.389216
820,1,0,0,1,2022-11-03 16:15:09.450248
821,1,0,0,0,2022-11-03 16:15:09.497216
822,1,0,0,0,2022-11-03 16:15:09.608099
823,1,0,0,0,2022-11-03 16:15:09.670047
824,1,0,0,0,2022-11-03 16:15:09.731312
825,1,0,0,0,2022-11-03 16:15:09.788784
826,1,0,0,0,2022-11-03 16:15:09.888857
827,1,0,0,0,2022-11-03 16:15:09.938722
828,1,0,0,0,2022-11-03 16:15:09.988384
829,1,0,0,0,2022-11-03 16:15:10.047129
830,1,0,0,0,2022-11-03 16:15:10.099141
831,1,0,0,0,2022-11-03 16:15:10.157492
832,1,0,0,0,2022-11-03 16:15:10.214169
833,0,0,0,0,2022-11-03 16:15:10.277627
834,0,0,0,0,2022-11-03 16:15:10.383128
835,0,0,0,0,2022-11-03 16:15:10.438878
836,0,0,0,0,2022-11-03 16:15:10.488623
837,0,0,0,0,2022-11-03 16:15:10.541528
838,0,0,0,0,2022-11-03 16:15:10.589219
839,0,0,0,0,2022-11-03 16:15:10.647785
840,0,0,0,0,2022-11-03 16:15:10.707721
841,0,0,0,0,2022-11-03 16:15:10.755328
842,0,0,0,0,2022-11-03 16:15:10.800452
843,0,0,0,0,2022-11-03 16:15:10.855537
844,0,0,0,0,2022-11-03 16:15:10.905642
845,0,0,0,0,2022-11-03 16:15:10.966931
846,0,0,0,0,2022-11-03 16:15:11.028593
847,0,0,0,0,2022-11-03 16:15:11.096944
848,0,0,0,0,2022-11-03 16:15:11.147178
849,0,0,0,0,2022-11-03 16:15:11.210338
850,0,0,0,0,2022-11-03 16:15:11.305663
851,0,0,0,0,2022-11-03 16:15:11.367593
852,0,0,0,0,2022-11-03 16:15:11.422190
853,1,1,1,0,2022-11-03 16:15:11.475031
854,1,1,1,0,2022-11-03 16:15:11.573477
855,1,1,1,0,2022-11-03 16:15:11.622889
856,1,1,1,0,2022-11-03 16:15:11.672388
857,1,1,1,0,2022-11-03 16:15:11.733742
858,1,1,1,0,2022-11-03 16:15:11.791023
859,1,1,1,0,2022-11-03 16:15:11.848284
860,1,1,1,0,2022-11-03 16:15:11.924124
861,1,1,1,0,2022-11-03 16:15:11.980555
862,1,1,1,0,2022-11-03 16:15:12.026966
863,1,1,1,0,2022-11-03 16:15:12.098532
864,1,1,1,0,2022-11-03 16:15:12.146848
865,1,1,1,0,2022-11-03 16:15:12.201774
866,1,1,1,0,2022-11-03 16:15:12.266607
867,1,1,1,0,2022-11-03 16:15:12.323077
868,1,1,1,0,2022-11-03 16:15:12.431148
869,1,1,1,0,2022-11-03 16:15:12.480209
870,1,1,1,1,2022-11-03 16:15:12.530625
871,1,0,0,1,2022-11-03 16:15:12.641110
872,1,0,0,1,2022-11-03 16:15:12.692070
873,1,0,0,1,2022-11-03 16:15:12.763462
874,1,0,0,1,2022-11-03 16:15:12.838630
875,1,0,0,1,2022-11-03 16:15:12.946963
876,1,0,0,1,2022-11-03 16:15:12.997327
877,1,0,0,1,2022-11-03 16:15:13.046882
878,1,0,0,1,2022-11-03 16:15:13.097737
879,1,0,0,1,2022-11-03 16:15:13.144061
880,1,0,0,1,2022-11-03 16:15:13.197197
881,1,0,0,1,2022-11-03 16:15:13.253712
882,1,0,0,0,2022-11-03 16:15:13.394542
883,1,0,0,0,2022-11-03 16:15:13.447190
884,1,0,0,0,2022-11-03 16:15:13.513968
885,1,0,0,0,2022-11-03 16:15:13.568498
886,1,0,0,0,2022-11-03 16:15:13.638457
887,1,0,0,0,2022-11-03 16:15:13.683040
888,1,0,0,0,2022-11-03 16:15:13.791784
889,1,0,0,0,2022-11-03 16:15:13.857972
890,1,0,0,0,2022-11-03 16:15:13.906315
891,1,0,0,0,2022-11-03 16:15:13.985848
892,1,0,0,0,2022-11-03 16:15:14.047142
893,1,0,0,0,2022-11-03 16:15:14.088758
894,1,0,0,0,2022-11-03 16:15:14.131571
895,1,0,0,0,2022-11-03 16:15:14.195015
896,1,0,0,0,2022-11-03 16:15:14.313622
897,1,0,0,0,2022-11-03 16:15:14.377041
898,1,0,0,0,2022-11-03 16:15:14.431131
899,1,0,0,0,2022-11-03 16:15:14.480182
900,1,0,1,0,2022-11-03 16:15:14.540105
901,1,0,1,0,2022-11-03 16:15:14.597373
902,1,0,1,0,2022-11-03 16:15:14.652920
903,1,0,1,0,2022-11-03 16:15:14.713558
904,1,0,1,0,2022-11-03 16:15:14.763589
905,1,0,1,0,2022-11-03 16:15:14.824364
906,1,0,1,0,2022-11-03 16:15:14.872497
907,1,0,1,0,2022-11-03 16:15:14.930320
908,1,0,1,0,2022-11-03 16:15:14.980748
909,1,0,1,0,2022-11-03 16:15:15.041006
910,1,0,1,0,2022-11-03 16:15:15.105615
911,1,0,1,0,2022-11-03 16:15:15.155306
912,1,0,1,0,2022-11-03 16:15:15.197699
913,1,0,1,0,2022-11-03 16:15:15.256528
914,1,0,1,0,2022-11-03 16:15:15.308840
915,1,0,0,1,2022-11-03 16:15:15.410731
916,1,0,0,1,2022-11-03 16:15:15.455731
917,1,0,0,1,2022-11-03 16:15:15.520506
918,1,0,0,1,2022-11-03 16:15:15.630337
919,1,0,0,1,2022-11-03 16:15:15.680376
920,1,0,0,1,2022-11-03 16:15:15.731371
921,1,0,0,1,2022-11-03 16:15:15.788126
922,1,0,0,1,2022-11-03 16:15:15.894281
923,1,0,0,1,2022-11-03 16:15:15.947235
924,1,0,0,1,2022-11-03 16:15:16.013300
925,1,0,0,1,2022-11-03 16:15:16.080298
926,1,0,0,1,2022-11-03 16:15:16.141919
927,1,0,0,1,2022-11-03 16:15:16.189056
928,1,1,0,0,2022-11-03 16:15:16.241936
929,1,1,0,0,2022-11-03 16:15:16.288329
930,1,1,0,0,2022-11-03 16:15:16.357528
931,1,1,0,0,2022-11-03 16:15:16.396790
932,1,1,0,0,2022-11-03 16:15:16.456557
933,1,1,0,0,2022-11-03 16:15:16.521165
934,1,1,0,0,2022-11-03 16:15:16.580755
935,1,1,0,0,2022-11-03 16:15:16.640961
936,1,1,0,0,2022-11-03 16:15:16.738981
937,1,1,0,0,2022-11-03 16:15:16.797308
938,1,1,0,0,2022-11-03 16:15:16.849423
939,1,1,0,0,2022-11-03 16:15:16.940594
940,1,1,0,0,2022-11-03 16:15:16.990444
941,1,1,0,0,2022-11-03 16:15:17.051963
942,1,1,0,0,2022-11-03 16:15:17.106330
943,1,1,0,0,2022-11-03 16:15:17.205156
944,1,0,0,0,2022-11-03 16:15:17.269647
945,1,0,0,0,2022-11-03 16:15:17.321981
946,1,0,0,0,2022-11-03 16:15:17.432289
947,1,0,0,0,2022-11-03 16:15:17.488958
948,1,0,0,0,2022-11-03 16:15:17.539058
949,1,0,0,0,2022-11-03 16:15:17.591506
950,1,0,0,0,2022-11-03 16:15:17.638762
951,1,0,0,0,2022-11-03 16:15:17.704236
952,1,0,0,0,2022-11-03 16:15:17.805578
953,1,0,0,0,2022-11-03 16:15:17.855465
954,1,0,0,0,2022-11-03 16:15:17.905911
955,1,0,0,0,2022-11-03 16:15:18.006844
956,1,0,0,0,2022-11-03 16:15:18.055453
957,1,0,0,0,2022-11-03 16:15:18.107547
958,1,0,0,0,2022-11-03 16:15:18.155429
959,1,0,0,0,2022-11-03 16:15:18.246994
960,1,0,0,0,2022-11-03 16:15:18.305505
961,1,0,0,0,2022-11-03 16:15:18.355588
962,1,0,0,0,2022-11-03 16:15:18.415491
963,1,0,0,0,2022-11-03 16:15:18.472973
964,1,0,1,0,2022-11-03 16:15:18.572249
965,1,0,1,0,2022-11-03 16:15:18.636022
966,1,0,1,0,2022-11-03 16:15:18.697648
967,1,0,1,0,2022-11-03 16:15:18.755452
968,1,0,1,0,2022-11-03 16:15:18.808933
969,1,0,1,0,2022-11-03 16:15:18.918841
970,1,0,1,0,2022-11-03 16:15:18.972174
971,1,0,1,0,2022-11-03 16:15:19.022732
972,1,0,1,0,2022-11-03 16:15:19.063856
973,1,0,1,0,2022-11-03 16:15:19.164209
974,0,0,1,0,2022-11-03 16:15:19.222106
975,0,0,1,0,2022-11-03 16:15:19.281471
976,0,0,1,0,2022-11-03 16:15:19.339054
977,0,0,1,0,2022-11-03 16:15:19.398149
978,0,0,1,0,2022-11-03 16:15:19.746731
979,0,0,1,0,2022-11-03 16:15:19.808640
980,0,0,1,0,2022-11-03 16:15:19.906124
981,0,0,1,0,2022-11-03 16:15:19.973822
982,0,0,1,0,2022-11-03 16:15:20.053174
983,0,0,1,0,2022-11-03 16:15:20.123450
984,0,0,1,0,2022-11-03 16:15:20.194470
985,0,0,1,0,2022-11-03 16:15:20.256648
986,0,0,1,0,2022-11-03 16:15:20.338584
987,0,0,1,0,2022-11-03 16:15:20.398181
988,0,0,1,0,2022-11-03 16:15:20.477577
989,0,0,1,0,2022-11-03 16:15:20.540111
990,0,0,1,0,2022-11-03 16:15:20.621259
991,1,0,1,0,2022-11-03 16:15:20.675531
992,1,0,0,0,2022-11-03 16:15:20.748405
993,1,0,0,0,2022-11-03 16:15:20.815264
994,1,0,0,0,2022-11-03 16:15:20.883795
995,1,0,0,0,2022-11-03 16:15:20.947322
996,1,0,0,0,2022-11-03 16:15:21.010829
997,1,0,0,0,2022-11-03 16:15:21.077513
998,1,0,0,0,2022-11-03 16:15:21.133535
999,1,0,0,0,2022-11-03 16:15:21.189914
1000,1,0,0,0,2022-11-03 16:15:21.243449
1001,1,0,0,0,2022-11-03 16:15:21.338716
1002,1,0,0,1,2022-11-03 16:15:21.406985
1003,1,0,0,1,2022-11-03 16:15:21.472453
1004,1,0,0,1,2022-11-03 16:15:21.532036
1005,1,0,0,1,2022-11-03 16:15:21.650547
1006,1,0,0,1,2022-11-03 16:15:21.705428
1007,1,0,0,1,2022-11-03 16:15:21.824946
1008,1,0,0,1,2022-11-03 16:15:21.922148
1009,1,0,0,1,2022-11-03 16:15:21.972140
1010,1,0,0,1,2022-11-03 16:15:22.023066
1011,1,0,0,1,2022-11-03 16:15:22.140719
1012,1,0,0,1,2022-11-03 16:15:22.201275
1013,0,0,0,0,2022-11-03 16:15:22.260608
1014,0,0,0,0,2022-11-03 16:15:22.321973
1015,0,0,0,0,2022-11-03 16:15:22.381459
1016,0,0,0,0,2022-11-03 16:15:22.432644
1017,0,0,0,0,2022-11-03 16:15:22.481337
1018,0,0,0,0,2022-11-03 16:15:22.532082
1019,0,0,0,0,2022-11-03 16:15:22.581005
1020,0,0,0,0,2022-11-03 16:15:22.630562
1021,0,0,0,0,2022-11-03 16:15:22.683334
1022,0,0,0,0,2022-11-03 16:15:22.739125
1023,0,0,0,0,2022-11-03 16:15:22.797229
1024,0,0,0,0,2022-11-03 16:15:22.855832
1025,0,0,0,0,2022-11-03 16:15:22.914549
1026,0,0,0,0,2022-11-03 16:15:22.979498
1027,0,0,0,0,2022-11-03 16:15:23.030946
1028,0,0,0,0,2022-11-03 16:15:23.106657
1029,0,0,0,0,2022-11-03 16:15:23.153730
1030,0,0,0,0,2022-11-03 16:15:23.206455
1031,0,0,0,0,2022-11-03 16:15:23.314904
1032,0,0,0,0,2022-11-03 16:15:23.372516
1033,0,0,1,1,2022-11-03 16:15:23.448065
1034,0,0,1,1,2022-11-03 16:15:23.556434
1035,0,0,1,1,2022-11-03 16:15:23.614509
1036,0,0,1,1,2022-11-03 16:15:23.665668
1037,0,0,1,1,2022-11-03 16:15:23.722586
1038,0,0,1,1,2022-11-03 16:15:23.838947
1039,0,0,1,1,2022-11-03 16:15:23.897270
1040,0,0,1,1,2022-11-03 16:15:23.957271
1041,0,0,1,1,2022-11-03 16:15:24.080787
1042,0,0,1,1,2022-11-03 16:15:24.155709
1043,0,0,1,1,2022-11-03 16:15:24.214870
1044,0,0,1,1,2022-11-03 16:15:24.272210
1045,0,0,1,1,2022-11-03 16:15:24.389288
1046,1,1,1,0,2022-11-03 16:15:24.448025
1047,1,1,1,0,2022-11-03 16:15:24.506466
1048,1,1,1,0,2022-11-03 16:15:24.625112
1049,1,1,1,0,2022-11-03 16:15:24.692738
1050,1,1,1,0,2022-11-03 16:15:24.770352
1051,1,1,1,0,2022-11-03 16:15:24.822497
1052,1,1,1,0,2022-11-03 16:15:24.950354
1053,1,1,1,0,2022-11-03 16:15:25.005856
1054,1,1,1,0,2022-11-03 16:15:25.068091
1055,1,1,1,0,2022-11-03 16:15:25.123175
1056,1,1,1,0,2022-11-03 16:15:25.180824
1057,1,1,1,0,2022-11-03 16:15:25.222161
1058,1,1,1,0,2022-11-03 16:15:25.263903
1059,1,1,1,0,2022-11-03 16:15:25.318978
1060,1,1,1,1,2022-11-03 16:15:25.376170
1061,1,0,0,1,2022-11-03 16:15:25.498377
1062,1,0,0,1,2022-11-03 16:15:25.568591
1063,1,0,0,1,2022-11-03 16:15:25.623446
1064,1,0,0,1,2022-11-03 16:15:25.730747
1065,1,0,0,1,2022-11-03 16:15:25.780457
1066,1,0,0,1,2022-11-03 16:15:25.831638
1067,1,0,0,1,2022-11-03 16:15:25.883245
1068,1,0,0,1,2022-11-03 16:15:25.997269
1069,1,0,0,1,2022-11-03 16:15:26.055539
1070,1,0,0,1,2022-11-03 16:15:26.107994
1071,1,0,0,1,2022-11-03 16:15:26.166719
1072,1,0,0,1,2022-11-03 16:15:26.226740
1073,1,0,0,1,2022-11-03 16:15:26.339363
1074,1,1,0,0,2022-11-03 16:15:26.412159
1075,1,1,0,0,2022-11-03 16:15:26.482440
1076,1,1,0,0,2022-11-03 16:15:26.552106
1077,1,1,0,0,2022-11-03 16:15:26.603895
1078,1,1,0,0,2022-11-03 16:15:26.653021
1079,1,1,0,0,2022-11-03 16:15:26.703145
1080,1,1,0,0,2022-11-03 16:15:26.756143
1081,1,1,0,0,2022-11-03 16:15:26.828710
1082,1,1,0,0,2022-11-03 16:15:26.885890
1083,1,1,0,0,2022-11-03 16:15:26.944213
1084,1,1,0,0,2022-11-03 16:15:27.002313
1085,1,1,0,0,2022-11-03 16:15:27.061357
1086,1,1,0,0,2022-11-03 16:15:27.122504
1087,1,0,1,1,2022-11-03 16:15:27.235787
1088,1,0,1,1,2022-11-03 16:15:27.295032
1089,1,0,1,1,2022-11-03 16:15:27.352837
1090,1,0,1,1,2022-11-03 16:15:27.424107
1091,1,0,1,1,2022-11-03 16:15:27.484754
1092,1,0,1,1,2022-11-03 16:15:27.544896
1093,1,0,1,1,2022-11-03 16:15:27.602673
1094,1,0,1,1,2022-11-03 16:15:27.673407
1095,1,0,1,1,2022-11-03 16:15:27.735812
1096,1,0,1,1,2022-11-03 16:15:27.794787
1097,1,0,1,1,2022-11-03 16:15:27.843860
1098,1,0,1,1,2022-11-03 16:15:27.903086
1099,1,0,1,1,2022-11-03 16:15:27.961061
1100,1,0,1,1,2022-11-03 16:15:28.023444
1101,1,0,1,1,2022-11-03 16:15:28.111357
1102,1,0,1,1,2022-11-03 16:15:28.178585
1103,1,0,1,1,2022-11-03 16:15:28.235759
1104,1,0,1,1,2022-11-03 16:15:28.303273
1105,1,0,1,1,2022-11-03 16:15:28.360806
1106,1,1,0,0,2022-11-03 16:15:28.418975
1107,1,1,0,0,2022-11-03 16:15:28.469563
1108,1,1,0,0,2022-11-03 16:15:28.575177
1109,1,1,0,0,2022-11-03 16:15:28.657498
1110,1,1,0,0,2022-11-03 16:15:28.722121
1111,1,1,0,0,2022-11-03 16:15:28.835867
1112,1,1,0,0,2022-11-03 16:15:28.893985
1113,1,1,0,0,2022-11-03 16:15:28.952274
1114,1,1,0,0,2022-11-03 16:15:29.010744
1115,1,1,0,0,2022-11-03 16:15:29.135935
1116,1,1,0,0,2022-11-03 16:15:29.197892
1117,1,1,0,0,2022-11-03 16:15:29.253120
1118,1,1,0,0,2022-11-03 16:15:29.369320
1119,1,0,0,0,2022-11-03 16:15:29.427615
1120,1,0,0,0,2022-11-03 16:15:29.487329
1121,1,0,0,0,2022-11-03 16:15:29.552065
1122,1,0,0,0,2022-11-03 16:15:29.611518
1123,1,0,0,0,2022-11-03 16:15:29.669714
1124,1,0,0,0,2022-11-03 16:15:29.735851
1125,1,0,0,0,2022-11-03 16:15:29.860542
1126,1,0,0,0,2022-11-03 16:15:29.915846
1127,1,0,0,0,2022-11-03 16:15:29.969574
1128,1,0,0,0,2022-11-03 16:15:30.027706
1129,1,0,0,0,2022-11-03 16:15:30.090400
1130,1,0,1,1,2022-11-03 16:15:30.258224
1131,1,0,1,1,2022-11-03 16:15:30.328311
1132,1,0,1,1,2022-11-03 16:15:30.401668
1133,1,0,1,1,2022-11-03 16:15:30.461389
1134,1,0,1,1,2022-11-03 16:15:30.519331
1135,1,0,1,1,2022-11-03 16:15:30.578111
1136,1,0,1,1,2022-11-03 16:15:30.646317
1137,1,0,1,1,2022-11-03 16:15:30.706801
1138,1,0,1,1,2022-11-03 16:15:30.810563
1139,1,0,1,1,2022-11-03 16:15:30.878139
1140,1,0,1,1,2022-11-03 16:15:30.936060
1141,1,0,1,1,2022-11-03 16:15:30.994558
1142,1,0,1,1,2022-11-03 16:15:31.051299
1143,1,0,1,1,2022-11-03 16:15:31.119158
1144,1,0,1,1,2022-11-03 16:15:31.230229
1145,1,0,1,0,2022-11-03 16:15:31.285871
1146,1,0,1,0,2022-11-03 16:15:31.347811
1147,1,0,1,0,2022-11-03 16:15:31.405506
1148,1,0,1,0,2022-11-03 16:15:31.461149
1149,1,0,1,0,2022-11-03 16:15:31.519097
1150,1,0,1,0,2022-11-03 16:15:31.586739
1151,1,0,1,0,2022-11-03 16:15:31.644191
1152,1,0,1,0,2022-11-03 16:15:31.744499
1153,1,0,1,0,2022-11-03 16:15:31.802549
1154,1,0,1,0,2022-11-03 16:15:31.910850
1155,1,0,1,0,2022-11-03 16:15:31.969274
1156,1,0,1,0,2022-11-03 16:15:32.031598
1157,1,0,1,0,2022-11-03 16:15:32.094122
1158,1,0,1,0,2022-11-03 16:15:32.162878
1159,1,0,1,0,2022-11-03 16:15:32.227631
1160,1,0,1,0,2022-11-03 16:15:32.336230
1161,1,0,1,0,2022-11-03 16:15:32.397427
1162,1,0,0,0,2022-11-03 16:15:32.465054
1163,1,0,0,0,2022-11-03 16:15:32.579034
1164,1,0,0,0,2022-11-03 16:15:32.644071
1165,1,0,0,0,2022-11-03 16:15:32.711229
1166,1,0,0,0,2022-11-03 16:15:32.775230
1167,1,0,0,0,2022-11-03 16:15:32.894669
1168,1,0,0,0,2022-11-03 16:15:32.952597
1169,1,0,0,0,2022-11-03 16:15:33.027719
1170,1,0,0,0,2022-11-03 16:15:33.159768
1171,1,0,0,0,2022-11-03 16:15:33.219833
1172,1,0,0,0,2022-11-03 16:15:33.304133
1173,1,0,0,0,2022-11-03 16:15:33.373897
1174,1,0,0,0,2022-11-03 16:15:33.486662
1175,1,0,0,0,2022-11-03 16:15:33.553295
1176,1,0,0,1,2022-11-03 16:15:33.637075
1177,1,0,0,1,2022-11-03 16:15:33.694104
1178,1,0,0,1,2022-11-03 16:15:33.753152
1179,1,0,0,1,2022-11-03 16:15:33.811006
1180,1,0,0,1,2022-11-03 16:15:33.887173
1181,1,0,0,1,2022-11-03 16:15:33.944127
1182,1,0,0,1,2022-11-03 16:15:34.002508
1183,1,0,0,1,2022-11-03 16:15:34.060457
1184,1,0,0,1,2022-11-03 16:15:34.134235
1185,1,0,0,1,2022-11-03 16:15:34.190699
1186,1,0,0,1,2022-11-03 16:15:34.247633
1187,1,0,0,1,2022-11-03 16:15:34.306237
1188,1,0,0,1,2022-11-03 16:15:34.372280
1189,1,0,0,1,2022-11-03 16:15:34.431963
1190,1,0,0,1,2022-11-03 16:15:34.491385
1191,1,0,0,1,2022-11-03 16:15:34.591297
1192,1,0,0,1,2022-11-03 16:15:34.650968
1193,1,0,0,1,2022-11-03 16:15:34.705922
1194,1,0,0,1,2022-11-03 16:15:34.771077
1195,1,0,0,1,2022-11-03 16:15:34.833396
1196,1,0,0,1,2022-11-03 16:15:34.889236
1197,1,0,0,1,2022-11-03 16:15:34.951065
1198,1,0,0,1,2022-11-03 16:15:34.999041
1199,1,0,0,1,2022-11-03 16:15:35.048217
1200,1,0,0,1,2022-11-03 16:15:35.108906
1201,1,0,0,1,2022-11-03 16:15:35.167615
1202,1,0,0,1,2022-11-03 16:15:35.224041
1203,1,1,1,0,2022-11-03 16:15:35.322543
1204,1,1,1,0,2022-11-03 16:15:35.386222
1205,1,1,1,0,2022-11-03 16:15:35.447772
1206,1,1,1,0,2022-11-03 16:15:35.506115
1207,1,1,1,0,2022-11-03 16:15:35.575441
1208,1,1,1,0,2022-11-03 16:15:35.631940
1209,1,1,1,0,2022-11-03 16:15:35.689303
1210,1,1,1,0,2022-11-03 16:15:35.747660
1211,1,1,1,0,2022-11-03 16:15:35.807444
1212,1,1,1,0,2022-11-03 16:15:35.864229
1213,1,1,1,0,2022-11-03 16:15:35.929843
1214,1,1,1,0,2022-11-03 16:15:35.989397
1215,1,1,1,0,2022-11-03 16:15:36.047678
1216,1,1,1,0,2022-11-03 16:15:36.132313
1217,1,1,1,0,2022-11-03 16:15:36.189378
1218,1,1,1,0,2022-11-03 16:15:36.272531
1219,1,1,1,0,2022-11-03 16:15:36.322475
1220,1,1,1,0,2022-11-03 16:15:36.389488
1221,1,1,1,0,2022-11-03 16:15:36.447560
1222,1,1,1,0,2022-11-03 16:15:36.506207
1223,0,0,0,1,2022-11-03 16:15:36.567386
1224,0,0,0,1,2022-11-03 16:15:36.656167
1225,0,0,0,1,2022-11-03 16:15:36.730864
1226,0,0,0,1,2022-11-03 16:15:36.808499
1227,0,0,0,1,2022-11-03 16:15:36.906716
1228,0,0,0,1,2022-11-03 16:15:36.960763
1229,0,0,0,1,2022-11-03 16:15:37.015011
1230,0,0,0,1,2022-11-03 16:15:37.072445
1231,0,0,0,1,2022-11-03 16:15:37.206300
1232,0,0,0,1,2022-11-03 16:15:37.257127
1233,0,0,0,1,2022-11-03 16:15:37.314521
1234,1,0,0,0,2022-11-03 16:15:37.413969
1235,1,0,0,0,2022-11-03 16:15:37.475935
1236,1,0,0,0,2022-11-03 16:15:37.525425
1237,1,0,0,0,2022-11-03 16:15:37.582937
1238,1,0,0,0,2022-11-03 16:15:37.681058
1239,1,0,0,0,2022-11-03 16:15:37.730738
1240,1,0,0,0,2022-11-03 16:15:37.790056
1241,1,0,0,0,2022-11-03 16:15:37.891141
1242,1,0,0,0,2022-11-03 16:15:37.941675
1243,1,0,0,0,2022-11-03 16:15:38.002014
1244,1,0,0,0,2022-11-03 16:15:38.066161
1245,1,0,0,0,2022-11-03 16:15:38.180625
1246,1,0,0,0,2022-11-03 16:15:38.241850
1247,1,0,0,0,2022-11-03 16:15:38.289562
1248,0,1,0,1,2022-11-03 16:15:38.390244
1249,0,1,0,1,2022-11-03 16:15:38.441506
1250,0,1,0,1,2022-11-03 16:15:38.490166
1251,0,1,0,1,2022-11-03 16:15:38.543075
1252,0,1,0,1,2022-11-03 16:15:38.590618
1253,0,1,0,1,2022-11-03 16:15:38.641660
1254,0,1,0,1,2022-11-03 16:15:38.693497
1255,0,1,0,1,2022-11-03 16:15:38.770291
1256,0,1,0,1,2022-11-03 16:15:38.872170
1257,0,1,0,1,2022-11-03 16:15:38.931091
1258,0,1,0,1,2022-11-03 16:15:38.991002
1259,0,1,0,1,2022-11-03 16:15:39.048178
1260,0,1,0,1,2022-11-03 16:15:39.123582
1261,0,1,0,1,2022-11-03 16:15:39.180619
1262,0,1,0,1,2022-11-03 16:15:39.247542
1263,0,1,0,1,2022-11-03 16:15:39.301431
1264,1,0,1,0,2022-11-03 16:15:39.379597
1265,1,0,1,0,2022-11-03 16:15:39.439146
1266,1,0,1,0,2022-11-03 16:15:39.489123
1267,1,0,1,0,2022-11-03 16:15:39.550825
1268,1,0,1,0,2022-11-03 16:15:39.610817
1269,1,0,1,0,2022-11-03 16:15:39.655811
1270,1,0,1,0,2022-11-03 16:15:39.718061
1271,1,0,1,0,2022-11-03 16:15:39.775498
1272,1,0,1,0,2022-11-03 16:15:39.872654
1273,1,0,1,0,2022-11-03 16:15:39.936457
1274,1,0,1,0,2022-11-03 16:15:39.990476
1275,1,0,1,0,2022-11-03 16:15:40.058731
1276,1,0,1,0,2022-11-03 16:15:40.130717
1277,1,0,1,0,2022-11-03 16:15:40.180784
1278,1,0,1,0,2022-11-03 16:15:40.241682
1279,1,0,1,0,2022-11-03 16:15:40.297314
1280,1,0,1,0,2022-11-03 16:15:40.349345
1281,1,0,1,0,2022-11-03 16:15:40.411377
1282,1,0,1,0,2022-11-03 16:15:40.472798
1283,1,0,1,0,2022-11-03 16:15:40.534892
1284,1,0,0,0,2022-11-03 16:15:40.589647
1285,1,0,0,0,2022-11-03 16:15:40.647333
1286,1,0,0,0,2022-11-03 16:15:40.697802
1287,1,0,0,0,2022-11-03 16:15:40.749704
1288,1,0,0,0,2022-11-03 16:15:40.847665
1289,1,0,0,0,2022-11-03 16:15:40.888960
1290,1,0,0,0,2022-11-03 16:15:40.949267
1291,1,0,0,0,2022-11-03 16:15:41.055264
1292,1,0,0,0,2022-11-03 16:15:41.127118
1293,1,0,0,0,2022-11-03 16:15:41.189595
1294,1,0,0,0,2022-11-03 16:15:41.251700
1295,1,0,0,0,2022-11-03 16:15:41.353354
1296,1,0,0,0,2022-11-03 16:15:41.412240
1297,1,0,0,0,2022-11-03 16:15:41.470450
1298,1,0,0,1,2022-11-03 16:15:41.535360
1299,1,0,0,1,2022-11-03 16:15:41.634976
1300,1,0,0,1,2022-11-03 16:15:41.693205
1301,1,0,0,1,2022-11-03 16:15:41.753458
1302,1,0,0,1,2022-11-03 16:15:41.810278
1303,1,0,0,1,2022-11-03 16:15:41.910259
1304,1,0,0,1,2022-11-03 16:15:41.968482
1305,1,0,0,1,2022-11-03 16:15:42.020229
1306,1,0,0,1,2022-11-03 16:15:42.120085
1307,1,0,0,1,2022-11-03 16:15:42.193242
1308,1,0,0,1,2022-11-03 16:15:42.276561
1309,1,0,0,1,2022-11-03 16:15:42.326471
1310,1,0,0,1,2022-11-03 16:15:42.418411
1311,1,0,0,1,2022-11-03 16:15:42.491107
1312,1,0,0,1,2022-11-03 16:15:42.543296
1313,0,1,1,0,2022-11-03 16:15:42.643471
1314,0,1,1,0,2022-11-03 16:15:42.706074
1315,0,1,1,0,2022-11-03 16:15:42.773785
1316,0,1,1,0,2022-11-03 16:15:42.826808
1317,0,1,1,0,2022-11-03 16:15:42.943252
1318,0,1,1,0,2022-11-03 16:15:43.005562
1319,0,1,1,0,2022-11-03 16:15:43.060023
1320,0,1,1,0,2022-11-03 16:15:43.176553
1321,0,1,1,0,2022-11-03 16:15:43.234938
1322,0,1,1,0,2022-11-03 16:15:43.310101
1323,0,1,1,0,2022-11-03 16:15:43.410144
1324,0,1,1,0,2022-11-03 16:15:43.460077
1325,0,1,1,0,2022-11-03 16:15:43.518594
1326,1,1,1,1,2022-11-03 16:15:43.577212
1327,1,1,1,1,2022-11-03 16:15:43.685132
1328,1,1,1,1,2022-11-03 16:15:43.743200
1329,1,1,1,1,2022-11-03 16:15:43.793479
1330,1,1,1,1,2022-11-03 16:15:43.899690
1331,1,1,1,1,2022-11-03 16:15:43.962557
1332,1,1,1,1,2022-11-03 16:15:44.026850
1333,1,1,1,1,2022-11-03 16:15:44.084908
1334,1,1,1,1,2022-11-03 16:15:44.193678
1335,1,1,1,1,2022-11-03 16:15:44.251421
1336,1,1,1,1,2022-11-03 16:15:44.310588
1337,1,1,1,1,2022-11-03 16:15:44.418820
1338,1,1,1,1,2022-11-03 16:15:44.477312
1339,1,0,1,0,2022-11-03 16:15:44.535388
1340,1,0,0,0,2022-11-03 16:15:44.593243
1341,1,0,0,0,2022-11-03 16:15:44.702017
1342,1,0,0,0,2022-11-03 16:15:44.759967
1343,1,0,0,0,2022-11-03 16:15:44.818279
1344,1,0,0,0,2022-11-03 16:15:44.909848
1345,1,0,0,0,2022-11-03 16:15:44.968621
1346,1,0,0,0,2022-11-03 16:15:45.020785
1347,1,0,0,0,2022-11-03 16:15:45.079047
1348,1,0,0,0,2022-11-03 16:15:45.185189
1349,1,0,0,0,2022-11-03 16:15:45.245327
1350,1,0,0,0,2022-11-03 16:15:45.303744
1351,1,0,0,0,2022-11-03 16:15:45.410244
1352,1,0,1,0,2022-11-03 16:15:45.468114
1353,1,0,1,0,2022-11-03 16:15:45.527274
1354,1,0,1,0,2022-11-03 16:15:45.593556
1355,1,0,1,0,2022-11-03 16:15:45.693635
1356,1,0,1,0,2022-11-03 16:15:45.751912
1357,1,0,1,0,2022-11-03 16:15:45.813085
1358,1,0,1,0,2022-11-03 16:15:45.920052
1359,1,0,1,0,2022-11-03 16:15:45.985126
1360,1,0,1,0,2022-11-03 16:15:46.035183
1361,1,0,1,0,2022-11-03 16:15:46.093181
1362,1,0,1,0,2022-11-03 16:15:46.151835
1363,1,0,1,0,2022-11-03 16:15:46.211695
1364,1,0,1,0,2022-11-03 16:15:46.276770
1365,1,0,1,0,2022-11-03 16:15:46.335272
1366,1,0,1,0,2022-11-03 16:15:46.396881
1367,1,0,1,0,2022-11-03 16:15:46.451433
1368,0,0,1,0,2022-11-03 16:15:46.515223
1369,0,0,1,0,2022-11-03 16:15:46.626791
1370,0,0,1,0,2022-11-03 16:15:46.700002
1371,0,0,1,0,2022-11-03 16:15:46.760794
1372,0,0,1,0,2022-11-03 16:15:46.826461
1373,0,0,1,0,2022-11-03 16:15:46.918225
1374,0,0,1,0,2022-11-03 16:15:46.977504
1375,0,0,1,0,2022-11-03 16:15:47.034977
1376,0,0,1,0,2022-11-03 16:15:47.078028
1377,0,0,1,0,2022-11-03 16:15:47.152771
1378,0,0,1,0,2022-11-03 16:15:47.212366
1379,0,0,1,0,2022-11-03 16:15:47.273390
1380,0,0,1,0,2022-11-03 16:15:47.334434
1381,0,0,1,0,2022-11-03 16:15:47.402109
1382,0,0,1,0,2022-11-03 16:15:47.469582
1383,0,0,1,0,2022-11-03 16:15:47.518383
1384,1,0,1,0,2022-11-03 16:15:47.578342
1385,1,0,1,0,2022-11-03 16:15:47.638794
1386,1,0,1,0,2022-11-03 16:15:47.702373
1387,1,0,1,0,2022-11-03 16:15:47.759936
1388,1,0,1,0,2022-11-03 16:15:47.818832
1389,1,0,1,0,2022-11-03 16:15:47.926452
1390,1,0,1,0,2022-11-03 16:15:47.984819
1391,1,0,1,0,2022-11-03 16:15:48.043429
1392,1,0,1,0,2022-11-03 16:15:48.104130
1393,1,0,1,0,2022-11-03 16:15:48.168411
1394,1,0,1,0,2022-11-03 16:15:48.226695
1395,1,0,0,1,2022-11-03 16:15:48.294362
1396,1,0,0,1,2022-11-03 16:15:48.352779
1397,1,0,0,1,2022-11-03 16:15:48.403387
1398,1,0,0,1,2022-11-03 16:15:48.458029
1399,1,0,0,1,2022-11-03 16:15:48.510652
1400,1,0,0,1,2022-11-03 16:15:48.577071
1401,1,0,0,1,2022-11-03 16:15:48.694630
1402,1,0,0,1,2022-11-03 16:15:48.743643
1403,1,0,0,1,2022-11-03 16:15:48.810905
1404,1,0,0,1,2022-11-03 16:15:48.868529
1405,1,0,0,1,2022-11-03 16:15:48.988333
1406,1,0,0,1,2022-11-03 16:15:49.054605
1407,1,0,0,1,2022-11-03 16:15:49.113936
1408,1,0,0,1,2022-11-03 16:15:49.229384
1409,1,0,0,1,2022-11-03 16:15:49.289062
1410,1,0,0,1,2022-11-03 16:15:49.351621
1411,1,0,0,1,2022-11-03 16:15:49.413801
1412,1,0,0,1,2022-11-03 16:15:49.518459
1413,1,1,0,1,2022-11-03 16:15:49.578108
1414,0,1,0,0,2022-11-03 16:15:49.658947
1415,0,1,0,0,2022-11-03 16:15:49.760172
1416,0,1,0,0,2022-11-03 16:15:49.811320
1417,0,1,0,0,2022-11-03 16:15:49.868632
1418,0,1,0,0,2022-11-03 16:15:49.918729
1419,0,1,0,0,2022-11-03 16:15:49.987071
1420,0,1,0,0,2022-11-03 16:15:50.043290
1421,0,1,0,0,2022-11-03 16:15:50.093401
1422,0,1,0,0,2022-11-03 16:15:50.151817
1423,0,1,0,0,2022-11-03 16:15:50.215086
1424,0,1,0,0,2022-11-03 16:15:50.268434
1425,0,1,0,0,2022-11-03 16:15:50.326851
1426,1,1,0,0,2022-11-03 16:15:50.386665
1427,1,1,0,0,2022-11-03 16:15:50.443547
1428,1,1,0,0,2022-11-03 16:15:50.501891
1429,1,1,0,0,2022-11-03 16:15:50.561693
1430,1,1,0,0,2022-11-03 16:15:50.634296
1431,1,1,0,0,2022-11-03 16:15:50.701747
1432,1,1,0,0,2022-11-03 16:15:50.760349
1433,1,1,0,0,2022-11-03 16:15:50.826646
1434,1,1,0,0,2022-11-03 16:15:50.885726
1435,1,1,0,0,2022-11-03 16:15:50.994899
1436,1,1,0,0,2022-11-03 16:15:51.054916
1437,1,1,0,0,2022-11-03 16:15:51.102069
1438,1,1,0,0,2022-11-03 16:15:51.154225
1439,1,1,0,0,2022-11-03 16:15:51.201920
1440,1,1,0,0,2022-11-03 16:15:51.260243
1441,1,1,0,0,2022-11-03 16:15:51.319975
1442,1,1,0,0,2022-11-03 16:15:51.389567
1443,1,1,0,0,2022-11-03 16:15:51.443470
1444,1,1,0,0,2022-11-03 16:15:51.501721
1445,1,0,0,1,2022-11-03 16:15:51.560351
1446,1,0,0,1,2022-11-03 16:15:51.618491
1447,1,0,0,1,2022-11-03 16:15:51.681093
1448,1,0,0,1,2022-11-03 16:15:51.735448
1449,1,0,0,1,2022-11-03 16:15:51.843324
1450,1,0,0,1,2022-11-03 16:15:51.901824
1451,1,0,0,1,2022-11-03 16:15:51.960109
1452,1,0,0,1,2022-11-03 16:15:52.018504
1453,1,0,0,1,2022-11-03 16:15:52.076811
1454,1,0,0,1,2022-11-03 16:15:52.151601
1455,1,0,0,1,2022-11-03 16:15:52.243904
1456,1,0,0,1,2022-11-03 16:15:52.297459
1457,1,0,1,1,2022-11-03 16:15:52.752774
1458,1,0,1,1,2022-11-03 16:15:52.819145
1459,1,0,1,1,2022-11-03 16:15:52.876674
1460,1,0,1,1,2022-11-03 16:15:52.919197
1461,1,0,1,1,2022-11-03 16:15:52.993757
1462,1,0,1,1,2022-11-03 16:15:53.051837
1463,1,0,1,1,2022-11-03 16:15:53.115043
1464,1,0,1,1,2022-11-03 16:15:53.170311
1465,1,0,1,1,2022-11-03 16:15:53.226716
1466,1,0,1,1,2022-11-03 16:15:53.277244
1467,1,0,1,1,2022-11-03 16:15:53.343612
1468,1,0,1,1,2022-11-03 16:15:53.402032
1469,1,0,1,1,2022-11-03 16:15:53.501939
1470,1,0,1,1,2022-11-03 16:15:53.552000
1471,1,1,1,0,2022-11-03 16:15:53.628689
1472,1,1,1,0,2022-11-03 16:15:53.706881
1473,1,1,1,0,2022-11-03 16:15:53.778854
1474,1,1,1,0,2022-11-03 16:15:53.887412
1475,1,1,1,0,2022-11-03 16:15:53.961280
1476,1,1,1,0,2022-11-03 16:15:54.015771
1477,1,1,1,0,2022-11-03 16:15:54.070347
1478,1,1,1,0,2022-11-03 16:15:54.193533
1479,1,1,1,0,2022-11-03 16:15:54.251925
1480,1,1,1,0,2022-11-03 16:15:54.301712
1481,1,1,1,0,2022-11-03 16:15:54.351793
1482,1,1,1,0,2022-11-03 16:15:54.401770
1483,1,1,1,0,2022-11-03 16:15:54.469370
1484,1,1,1,0,2022-11-03 16:15:54.527027
1485,1,1,1,0,2022-11-03 16:15:54.586067
1486,0,0,1,0,2022-11-03 16:15:54.643651
1487,0,0,1,0,2022-11-03 16:15:54.706361
1488,0,0,1,0,2022-11-03 16:15:54.816589
1489,0,0,1,0,2022-11-03 16:15:54.879058
1490,0,0,1,0,2022-11-03 16:15:54.928932
1491,0,0,1,0,2022-11-03 16:15:54.985696
1492,0,0,1,0,2022-11-03 16:15:55.093376
1493,0,0,1,0,2022-11-03 16:15:55.160028
1494,0,0,1,0,2022-11-03 16:15:55.218609
1495,0,0,1,0,2022-11-03 16:15:55.280812
1496,0,0,1,0,2022-11-03 16:15:55.335412
1497,0,0,1,0,2022-11-03 16:15:55.395473
1498,0,0,1,0,2022-11-03 16:15:55.459102
1499,1,0,1,0,2022-11-03 16:15:55.522266
1500,1,1,0,0,2022-11-03 16:15:55.584618
1501,1,1,0,0,2022-11-03 16:15:55.651779
1502,1,1,0,0,2022-11-03 16:15:55.711812
1503,1,1,0,0,2022-11-03 16:15:55.791305
1504,1,1,0,0,2022-11-03 16:15:55.851038
1505,1,1,0,0,2022-11-03 16:15:55.906339
1506,1,1,0,0,2022-11-03 16:15:55.972170
1507,1,1,0,0,2022-11-03 16:15:56.031216
1508,1,1,0,0,2022-11-03 16:15:56.091463
1509,1,1,0,0,2022-11-03 16:15:56.209306
1510,1,1,0,0,2022-11-03 16:15:56.264848
1511,1,1,0,0,2022-11-03 16:15:56.319393
1512,1,1,0,0,2022-11-03 16:15:56.373005
1513,1,0,1,0,2022-11-03 16:15:56.422906
1514,1,0,1,0,2022-11-03 16:15:56.476269
1515,1,0,1,0,2022-11-03 16:15:56.523226
1516,1,0,1,0,2022-11-03 16:15:56.582576
1517,1,0,1,0,2022-11-03 16:15:56.681634
1518,1,0,1,0,2022-11-03 16:15:56.731555
1519,1,0,1,0,2022-11-03 16:15:56.791662
1520,1,0,1,0,2022-11-03 16:15:56.839571
1521,1,0,1,0,2022-11-03 16:15:56.898560
1522,1,0,1,0,2022-11-03 16:15:56.957113
1523,1,0,1,0,2022-11-03 16:15:57.073187
1524,1,0,1,0,2022-11-03 16:15:57.139907
1525,1,0,1,0,2022-11-03 16:15:57.191739
1526,1,0,1,0,2022-11-03 16:15:57.248162
1527,1,0,1,0,2022-11-03 16:15:57.307510
1528,1,0,1,0,2022-11-03 16:15:57.362896
1529,1,0,1,0,2022-11-03 16:15:57.419962
1530,1,0,1,0,2022-11-03 16:15:57.476722
1531,1,0,1,0,2022-11-03 16:15:57.525128
1532,1,0,1,0,2022-11-03 16:15:57.578088
1533,1,1,0,0,2022-11-03 16:15:57.631163
1534,1,1,0,0,2022-11-03 16:15:57.684176
1535,1,1,0,0,2022-11-03 16:15:57.746275
1536,1,1,0,0,2022-11-03 16:15:57.807404
1537,1,1,0,0,2022-11-03 16:15:57.864596
1538,1,1,0,0,2022-11-03 16:15:57.975578
1539,1,1,0,0,2022-11-03 16:15:58.025391
1540,1,1,0,0,2022-11-03 16:15:58.090145
1541,1,1,0,0,2022-11-03 16:15:58.198340
1542,1,1,0,0,2022-11-03 16:15:58.252049
1543,1,1,0,0,2022-11-03 16:15:58.316076
1544,1,1,0,0,2022-11-03 16:15:58.373155
1545,1,1,0,0,2022-11-03 16:15:58.424918
1546,1,1,0,0,2022-11-03 16:15:58.481456
1547,1,1,0,0,2022-11-03 16:15:58.532181
1548,1,1,0,0,2022-11-03 16:15:58.589870
1549,1,1,1,1,2022-11-03 16:15:58.641417
1550,1,1,1,1,2022-11-03 16:15:58.693524
1551,1,1,1,1,2022-11-03 16:15:58.749261
1552,1,1,1,1,2022-11-03 16:15:58.798445
1553,1,1,1,1,2022-11-03 16:15:58.857765
1554,1,1,1,1,2022-11-03 16:15:58.906923
1555,1,1,1,1,2022-11-03 16:15:58.964951
1556,1,1,1,1,2022-11-03 16:15:59.014896
1557,1,1,1,1,2022-11-03 16:15:59.073076
1558,1,1,1,1,2022-11-03 16:15:59.135396
1559,1,1,1,1,2022-11-03 16:15:59.240236
1560,1,1,1,1,2022-11-03 16:15:59.298064
1561,1,1,1,1,2022-11-03 16:15:59.350363
1562,1,1,1,1,2022-11-03 16:15:59.406647
1563,1,1,1,1,2022-11-03 16:15:59.457828
1564,1,1,1,1,2022-11-03 16:15:59.514845
1565,1,0,0,0,2022-11-03 16:15:59.566557
1566,1,0,0,0,2022-11-03 16:15:59.623065
1567,1,0,0,0,2022-11-03 16:15:59.674329
1568,1,0,0,0,2022-11-03 16:15:59.731628
1569,1,0,0,0,2022-11-03 16:15:59.790159
1570,1,0,0,0,2022-11-03 16:15:59.831352
1571,1,0,0,0,2022-11-03 16:15:59.881385
1572,1,0,0,0,2022-11-03 16:15:59.960430
1573,1,0,0,0,2022-11-03 16:16:00.014859
1574,1,0,0,0,2022-11-03 16:16:00.059495
1575,1,0,0,0,2022-11-03 16:16:00.117597
1576,1,0,0,0,2022-11-03 16:16:00.177987
1577,1,0,0,0,2022-11-03 16:16:00.231619
1578,1,0,0,0,2022-11-03 16:16:00.332160
1579,1,0,0,0,2022-11-03 16:16:00.381519
1580,1,0,0,0,2022-11-03 16:16:00.434777
1581,1,0,0,0,2022-11-03 16:16:00.493852
1582,1,0,0,1,2022-11-03 16:16:00.548353
1583,1,0,0,1,2022-11-03 16:16:00.642527
1584,1,0,0,1,2022-11-03 16:16:00.698388
1585,1,0,0,1,2022-11-03 16:16:00.748233
1586,1,0,0,1,2022-11-03 16:16:00.806662
1587,1,0,0,1,2022-11-03 16:16:00.902136
1588,1,0,0,1,2022-11-03 16:16:00.957811
1589,1,0,0,1,2022-11-03 16:16:00.998337
1590,1,0,0,1,2022-11-03 16:16:01.049327
1591,1,0,0,1,2022-11-03 16:16:01.106575
1592,1,0,0,1,2022-11-03 16:16:01.160667
1593,1,0,0,1,2022-11-03 16:16:01.215526
1594,1,0,0,1,2022-11-03 16:16:01.264576
1595,1,0,0,1,2022-11-03 16:16:01.315367
1596,1,0,0,1,2022-11-03 16:16:01.375813
1597,1,0,0,1,2022-11-03 16:16:01.427691
1598,1,0,1,1,2022-11-03 16:16:01.494374
1599,1,0,1,0,2022-11-03 16:16:01.559032
1600,1,0,1,0,2022-11-03 16:16:01.874719
1601,1,0,1,0,2022-11-03 16:16:01.923107
1602,1,0,1,0,2022-11-03 16:16:01.982233
1603,1,0,1,0,2022-11-03 16:16:02.031684
1604,1,0,1,0,2022-11-03 16:16:02.085016
1605,1,0,1,0,2022-11-03 16:16:02.156561
1606,1,0,1,0,2022-11-03 16:16:02.208755
1607,1,0,1,0,2022-11-03 16:16:02.248170
1608,1,0,1,0,2022-11-03 16:16:02.298129
1609,1,0,1,0,2022-11-03 16:16:02.358673
1610,1,0,1,0,2022-11-03 16:16:02.408052
1611,1,0,1,0,2022-11-03 16:16:02.480384
1612,1,0,1,0,2022-11-03 16:16:02.552183
1613,0,0,1,1,2022-11-03 16:16:02.610460
1614,0,0,1,1,2022-11-03 16:16:02.668529
1615,0,0,1,1,2022-11-03 16:16:02.738667
1616,0,0,1,1,2022-11-03 16:16:02.798384
1617,0,0,1,1,2022-11-03 16:16:02.857927
1618,0,0,1,1,2022-11-03 16:16:02.960273
1619,0,0,1,1,2022-11-03 16:16:03.014794
1620,0,0,1,1,2022-11-03 16:16:03.077905
1621,0,0,1,1,2022-11-03 16:16:03.202041
1622,0,0,1,1,2022-11-03 16:16:03.270678
1623,0,0,1,1,2022-11-03 16:16:03.335127
1624,0,0,1,1,2022-11-03 16:16:03.377351
1625,0,0,1,1,2022-11-03 16:16:03.460465
1626,0,0,1,1,2022-11-03 16:16:03.523371
1627,1,0,1,1,2022-11-03 16:16:03.571854
1628,1,0,1,0,2022-11-03 16:16:03.695559
1629,1,0,1,0,2022-11-03 16:16:03.752069
1630,1,0,1,0,2022-11-03 16:16:03.816306
1631,1,0,1,0,2022-11-03 16:16:03.877373
1632,1,0,1,0,2022-11-03 16:16:03.946002
1633,1,0,1,0,2022-11-03 16:16:04.002134
1634,1,0,1,0,2022-11-03 16:16:04.065406
1635,1,0,1,0,2022-11-03 16:16:04.127172
1636,1,0,1,0,2022-11-03 16:16:04.227407
1637,1,0,1,0,2022-11-03 16:16:04.277799
1638,1,0,1,0,2022-11-03 16:16:04.336072
1639,1,0,1,0,2022-11-03 16:16:04.427121
1640,1,0,1,0,2022-11-03 16:16:04.485898
1641,1,0,1,0,2022-11-03 16:16:04.547340
1642,1,0,1,0,2022-11-03 16:16:04.610544
1643,1,0,1,0,2022-11-03 16:16:04.668684
1644,1,0,1,0,2022-11-03 16:16:04.722436
1645,1,0,1,0,2022-11-03 16:16:04.845485
1646,1,0,1,0,2022-11-03 16:16:04.910522
1647,1,0,1,0,2022-11-03 16:16:04.969740
1648,1,0,1,0,2022-11-03 16:16:05.032464
1649,1,0,1,0,2022-11-03 16:16:05.095472
1650,1,0,1,0,2022-11-03 16:16:05.160505
1651,1,0,1,0,2022-11-03 16:16:05.212052
1652,1,0,1,0,2022-11-03 16:16:05.277244
1653,1,0,0,0,2022-11-03 16:16:05.327564
1654,1,0,0,0,2022-11-03 16:16:05.387756
1655,1,0,0,0,2022-11-03 16:16:05.443955
1656,1,0,0,0,2022-11-03 16:16:05.503240
1657,1,0,0,0,2022-11-03 16:16:05.574135
1658,1,0,0,0,2022-11-03 16:16:05.643846
1659,1,0,0,0,2022-11-03 16:16:05.703348
1660,1,0,0,0,2022-11-03 16:16:05.810764
1661,1,0,0,0,2022-11-03 16:16:05.870920
1662,1,0,0,0,2022-11-03 16:16:05.935465
1663,1,0,0,0,2022-11-03 16:16:05.989305
1664,1,0,0,0,2022-11-03 16:16:06.043558
1665,1,0,0,0,2022-11-03 16:16:06.102309
1666,1,0,0,0,2022-11-03 16:16:06.174257
1667,1,0,0,0,2022-11-03 16:16:06.251609
1668,1,0,0,1,2022-11-03 16:16:06.311215
1669,1,0,0,1,2022-11-03 16:16:06.376953
1670,1,0,0,1,2022-11-03 16:16:06.435384
1671,1,0,0,1,2022-11-03 16:16:06.493580
1672,1,0,0,1,2022-11-03 16:16:06.552438
1673,1,0,0,1,2022-11-03 16:16:06.610648
1674,1,0,0,1,2022-11-03 16:16:06.668660
1675,1,0,0,1,2022-11-03 16:16:06.726909
1676,1,0,0,1,2022-11-03 16:16:06.787058
1677,1,0,0,1,2022-11-03 16:16:06.857445
1678,1,0,0,1,2022-11-03 16:16:06.943737
1679,1,0,0,1,2022-11-03 16:16:07.001974
1680,1,0,0,1,2022-11-03 16:16:07.062441
1681,1,0,0,1,2022-11-03 16:16:07.123247
1682,1,0,0,1,2022-11-03 16:16:07.194594
1683,1,0,0,1,2022-11-03 16:16:07.252794
1684,1,0,0,1,2022-11-03 16:16:07.310293
1685,1,0,0,1,2022-11-03 16:16:07.368778
1686,1,0,0,1,2022-11-03 16:16:07.428067
1687,1,1,0,0,2022-11-03 16:16:07.494556
1688,1,1,0,0,2022-11-03 16:16:07.551907
1689,1,1,0,0,2022-11-03 16:16:07.612426
1690,1,1,0,0,2022-11-03 16:16:07.719896
1691,1,1,0,0,2022-11-03 16:16:07.769112
1692,1,1,0,0,2022-11-03 16:16:07.961219
1693,1,1,0,0,2022-11-03 16:16:08.177946
1694,1,1,0,0,2022-11-03 16:16:08.235480
1695,1,1,0,0,2022-11-03 16:16:08.296245
1696,1,1,0,0,2022-11-03 16:16:08.410482
1697,1,1,0,0,2022-11-03 16:16:08.477595
1698,1,1,0,0,2022-11-03 16:16:08.546439
1699,1,1,0,0,2022-11-03 16:16:08.644006
1700,1,1,0,1,2022-11-03 16:16:08.713162
1701,1,0,0,1,2022-11-03 16:16:08.760495
1702,1,0,0,1,2022-11-03 16:16:08.818842
1703,1,0,0,1,2022-11-03 16:16:08.871388
1704,1,0,0,1,2022-11-03 16:16:08.986637
1705,1,0,0,1,2022-11-03 16:16:09.054586
1706,1,0,0,1,2022-11-03 16:16:09.138294
1707,1,0,0,1,2022-11-03 16:16:09.235518
1708,1,0,0,1,2022-11-03 16:16:09.293831
1709,1,0,0,1,2022-11-03 16:16:09.352291
1710,1,0,0,1,2022-11-03 16:16:09.410681
1711,1,0,0,1,2022-11-03 16:16:09.469482
1712,1,0,0,1,2022-11-03 16:16:09.527195
1713,1,0,0,1,2022-11-03 16:16:09.587423
1714,1,1,0,0,2022-11-03 16:16:09.643774
1715,1,1,0,0,2022-11-03 16:16:09.711334
1716,1,1,0,0,2022-11-03 16:16:09.777070
1717,1,1,0,0,2022-11-03 16:16:09.835682
1718,1,1,0,0,2022-11-03 16:16:09.903209
1719,1,1,0,0,2022-11-03 16:16:10.011492
1720,1,1,0,0,2022-11-03 16:16:10.072435
1721,1,1,0,0,2022-11-03 16:16:10.134887
1722,1,1,0,0,2022-11-03 16:16:10.244712
1723,1,1,0,0,2022-11-03 16:16:10.310169
1724,1,1,0,0,2022-11-03 16:16:10.374558
1725,1,1,0,0,2022-11-03 16:16:10.459984
1726,1,0,0,0,2022-11-03 16:16:10.531039
1727,1,0,0,0,2022-11-03 16:16:10.595228
1728,1,0,0,0,2022-11-03 16:16:10.658499
1729,1,0,0,0,2022-11-03 16:16:10.755074
1730,1,0,0,0,2022-11-03 16:16:10.812261
1731,1,0,0,0,2022-11-03 16:16:10.869515
1732,1,0,0,0,2022-11-03 16:16:10.927996
1733,1,0,0,0,2022-11-03 16:16:10.987846
1734,1,0,0,0,2022-11-03 16:16:11.052823
1735,1,0,0,0,2022-11-03 16:16:11.113676
1736,1,0,0,0,2022-11-03 16:16:11.185935
1737,1,0,0,0,2022-11-03 16:16:11.291651
1738,1,0,0,0,2022-11-03 16:16:11.357218
1739,1,0,0,0,2022-11-03 16:16:11.403771
1740,0,1,1,0,2022-11-03 16:16:11.469813
1741,0,1,1,0,2022-11-03 16:16:11.519882
1742,0,1,1,0,2022-11-03 16:16:11.598844
1743,0,1,1,0,2022-11-03 16:16:11.653307
1744,0,1,1,0,2022-11-03 16:16:11.714787
1745,0,1,1,0,2022-11-03 16:16:11.770127
1746,0,1,1,0,2022-11-03 16:16:11.885157
1747,0,1,1,0,2022-11-03 16:16:11.961176
1748,0,1,1,0,2022-11-03 16:16:12.027941
1749,0,1,1,0,2022-11-03 16:16:12.086238
1750,0,1,1,0,2022-11-03 16:16:12.219682
1751,0,1,1,0,2022-11-03 16:16:12.279446
1752,0,1,1,0,2022-11-03 16:16:12.344649
1753,1,0,0,1,2022-11-03 16:16:12.412567
1754,1,0,0,1,2022-11-03 16:16:12.473939
1755,1,0,0,1,2022-11-03 16:16:12.536490
1756,1,0,0,1,2022-11-03 16:16:12.594735
1757,1,0,0,1,2022-11-03 16:16:12.653091
1758,1,0,0,1,2022-11-03 16:16:12.724813
1759,1,0,0,1,2022-11-03 16:16:12.787025
1760,1,0,0,1,2022-11-03 16:16:12.852755
1761,1,0,0,1,2022-11-03 16:16:12.915904
1762,1,0,0,1,2022-11-03 16:16:12.978897
1763,1,0,0,1,2022-11-03 16:16:13.030034
1764,1,0,0,1,2022-11-03 16:16:13.140854
1765,1,0,0,1,2022-11-03 16:16:13.203083
1766,1,0,0,1,2022-11-03 16:16:13.262188
1767,1,0,0,1,2022-11-03 16:16:13.333512
1768,1,0,0,1,2022-11-03 16:16:13.428259
1769,1,0,0,1,2022-11-03 16:16:13.486930
1770,1,0,0,0,2022-11-03 16:16:13.561152
1771,1,0,0,0,2022-11-03 16:16:13.670024
1772,1,0,0,0,2022-11-03 16:16:13.733090
1773,1,0,0,0,2022-11-03 16:16:13.777974
1774,1,0,0,0,2022-11-03 16:16:13.838476
1775,1,0,0,0,2022-11-03 16:16:13.902646
1776,1,0,0,0,2022-11-03 16:16:13.956277
1777,1,0,0,0,2022-11-03 16:16:14.021654
1778,1,0,0,0,2022-11-03 16:16:14.078743
1779,1,0,0,0,2022-11-03 16:16:14.136459
1780,1,0,0,0,2022-11-03 16:16:14.198403
1781,1,0,0,0,2022-11-03 16:16:14.263915
1782,1,0,0,0,2022-11-03 16:16:14.319808
1783,1,0,0,1,2022-11-03 16:16:14.390737
1784,0,0,0,1,2022-11-03 16:16:14.502745
1785,0,0,0,1,2022-11-03 16:16:14.562762
1786,0,0,0,1,2022-11-03 16:16:14.619741
1787,0,0,0,1,2022-11-03 16:16:14.679046
1788,0,0,0,1,2022-11-03 16:16:14.736378
1789,0,0,0,1,2022-11-03 16:16:14.796734
1790,0,0,0,1,2022-11-03 16:16:14.862984
1791,0,0,0,1,2022-11-03 16:16:14.919695
1792,0,0,0,1,2022-11-03 16:16:15.037118
1793,0,0,0,1,2022-11-03 16:16:15.094830
1794,0,0,0,1,2022-11-03 16:16:15.177607
1795,0,0,0,1,2022-11-03 16:16:15.228048
1796,0,0,0,1,2022-11-03 16:16:15.295520
1797,0,0,0,1,2022-11-03 16:16:15.353138
1798,0,0,0,1,2022-11-03 16:16:15.420320
1799,0,0,0,1,2022-11-03 16:16:15.478051
1800,0,0,0,1,2022-11-03 16:16:15.540046
1801,0,0,0,1,2022-11-03 16:16:15.596382
1802,0,0,0,1,2022-11-03 16:16:15.654116
1803,0,0,0,1,2022-11-03 16:16:15.727444
1804,0,0,0,1,2022-11-03 16:16:15.778888
1805,0,0,0,1,2022-11-03 16:16:15.886638
1806,0,0,0,1,2022-11-03 16:16:15.944530
1807,0,0,0,1,2022-11-03 16:16:16.011415
1808,0,0,0,1,2022-11-03 16:16:16.069583
1809,0,0,0,1,2022-11-03 16:16:16.128223
1810,0,0,0,1,2022-11-03 16:16:16.186401
1811,0,0,0,1,2022-11-03 16:16:16.236729
1812,0,0,0,1,2022-11-03 16:16:16.286416
1813,0,0,0,1,2022-11-03 16:16:16.345405
1814,0,0,0,1,2022-11-03 16:16:16.402976
1815,0,0,0,1,2022-11-03 16:16:16.469961
1816,0,0,0,1,2022-11-03 16:16:16.528098
1817,0,0,0,1,2022-11-03 16:16:16.589481
1818,0,0,0,1,2022-11-03 16:16:16.667454
1819,0,0,0,1,2022-11-03 16:16:16.721307
1820,0,0,0,1,2022-11-03 16:16:16.796778
1821,0,0,0,1,2022-11-03 16:16:16.911542
1822,0,0,0,1,2022-11-03 16:16:16.971301
1823,0,0,0,1,2022-11-03 16:16:17.036770
1824,0,0,0,1,2022-11-03 16:16:17.169494
1825,0,0,0,1,2022-11-03 16:16:17.236062
1826,0,0,0,1,2022-11-03 16:16:17.283266
1827,0,0,0,1,2022-11-03 16:16:17.358190
1828,0,0,0,1,2022-11-03 16:16:17.417731
1829,1,1,0,0,2022-11-03 16:16:17.474642
1830,1,1,0,0,2022-11-03 16:16:17.524335
1831,1,1,0,0,2022-11-03 16:16:17.574933
1832,1,1,0,0,2022-11-03 16:16:17.675144
1833,1,1,0,0,2022-11-03 16:16:17.749479
1834,1,1,0,0,2022-11-03 16:16:17.799604
1835,1,1,0,0,2022-11-03 16:16:17.849761
1836,1,1,0,0,2022-11-03 16:16:17.949685
1837,1,1,0,0,2022-11-03 16:16:18.007792
1838,1,1,0,0,2022-11-03 16:16:18.060944
1839,1,1,0,0,2022-11-03 16:16:18.116127
1840,1,1,0,0,2022-11-03 16:16:18.174755
1841,1,1,0,0,2022-11-03 16:16:18.282928
1842,1,1,0,0,2022-11-03 16:16:18.356594
1843,1,0,1,0,2022-11-03 16:16:18.452246
1844,1,0,1,0,2022-11-03 16:16:18.531479
1845,1,0,1,0,2022-11-03 16:16:18.591344
1846,1,0,1,0,2022-11-03 16:16:18.649636
1847,1,0,1,0,2022-11-03 16:16:18.699722
1848,1,0,1,0,2022-11-03 16:16:18.758001
1849,1,0,1,0,2022-11-03 16:16:18.816068
1850,1,0,1,0,2022-11-03 16:16:18.875949
1851,1,0,1,0,2022-11-03 16:16:18.924472
1852,1,0,1,0,2022-11-03 16:16:18.988208
1853,1,0,1,0,2022-11-03 16:16:19.060633
1854,0,1,0,1,2022-11-03 16:16:19.379049
1855,0,1,0,1,2022-11-03 16:16:19.432828
1856,0,1,0,1,2022-11-03 16:16:19.491215
1857,0,1,0,1,2022-11-03 16:16:19.550074
1858,0,1,0,1,2022-11-03 16:16:19.624656
1859,0,1,0,1,2022-11-03 16:16:19.767104
1860,0,1,0,1,2022-11-03 16:16:19.827257
1861,0,1,0,1,2022-11-03 16:16:19.882994
1862,0,1,0,1,2022-11-03 16:16:19.941915
1863,0,1,0,1,2022-11-03 16:16:19.999719
1864,0,1,0,1,2022-11-03 16:16:20.054132
1865,0,1,0,1,2022-11-03 16:16:20.109528
1866,0,1,0,1,2022-11-03 16:16:20.187920
1867,0,1,0,1,2022-11-03 16:16:20.241279
1868,0,1,0,1,2022-11-03 16:16:20.301151
1869,0,1,0,1,2022-11-03 16:16:20.399653
1870,0,1,0,1,2022-11-03 16:16:20.450762
1871,0,1,0,1,2022-11-03 16:16:20.503142
1872,0,1,0,1,2022-11-03 16:16:20.602975
1873,0,1,0,1,2022-11-03 16:16:20.660368
1874,0,0,1,1,2022-11-03 16:16:20.708559
1875,0,0,1,1,2022-11-03 16:16:20.767612
1876,0,0,1,1,2022-11-03 16:16:20.874851
1877,0,0,1,1,2022-11-03 16:16:20.926630
1878,0,0,1,1,2022-11-03 16:16:20.982923
1879,0,0,1,1,2022-11-03 16:16:21.045644
1880,0,0,1,1,2022-11-03 16:16:21.099839
1881,0,0,1,1,2022-11-03 16:16:21.174917
1882,0,0,1,1,2022-11-03 16:16:21.225754
1883,0,0,1,1,2022-11-03 16:16:21.283128
1884,0,0,1,1,2022-11-03 16:16:21.347194
1885,0,0,1,1,2022-11-03 16:16:21.408216
1886,0,0,1,1,2022-11-03 16:16:21.458556
1887,0,0,1,1,2022-11-03 16:16:21.558244
1888,0,0,1,1,2022-11-03 16:16:21.616623
1889,0,1,0,0,2022-11-03 16:16:21.674744
1890,0,1,0,0,2022-11-03 16:16:21.739746
1891,0,1,0,0,2022-11-03 16:16:21.800627
1892,0,1,0,0,2022-11-03 16:16:21.857809
1893,0,1,0,0,2022-11-03 16:16:21.908785
1894,0,1,0,0,2022-11-03 16:16:21.966228
1895,0,1,0,0,2022-11-03 16:16:22.017166
1896,0,1,0,0,2022-11-03 16:16:22.074839
1897,0,1,0,0,2022-11-03 16:16:22.133982
1898,0,1,0,0,2022-11-03 16:16:22.191595
1899,0,1,0,0,2022-11-03 16:16:22.253078
1900,0,1,0,0,2022-11-03 16:16:22.308663
1901,0,0,0,0,2022-11-03 16:16:22.358838
1902,0,0,0,0,2022-11-03 16:16:22.407997
1903,0,0,0,0,2022-11-03 16:16:22.463056
1904,0,0,0,0,2022-11-03 16:16:22.529124
1905,0,0,0,0,2022-11-03 16:16:22.592334
1906,0,0,0,0,2022-11-03 16:16:22.696548
1907,0,0,0,0,2022-11-03 16:16:22.749826
1908,0,0,0,0,2022-11-03 16:16:22.796039
1909,0,0,0,0,2022-11-03 16:16:22.849970
1910,0,0,0,0,2022-11-03 16:16:22.958035
1911,0,0,0,0,2022-11-03 16:16:23.024568
1912,0,0,0,0,2022-11-03 16:16:23.074912
1913,0,0,0,0,2022-11-03 16:16:23.124592
1914,0,0,0,0,2022-11-03 16:16:23.174697
1915,0,0,0,0,2022-11-03 16:16:23.224675
1916,0,0,0,0,2022-11-03 16:16:23.276350
1917,0,0,0,0,2022-11-03 16:16:23.327953
1918,0,0,0,0,2022-11-03 16:16:23.399258
1919,0,0,0,0,2022-11-03 16:16:23.536067
1920,0,0,0,0,2022-11-03 16:16:23.597590
1921,0,0,0,1,2022-11-03 16:16:23.658463
1922,0,0,0,1,2022-11-03 16:16:23.715299
1923,0,0,0,1,2022-11-03 16:16:23.774906
1924,0,0,0,1,2022-11-03 16:16:23.832905
1925,0,0,0,1,2022-11-03 16:16:23.943561
1926,0,0,0,1,2022-11-03 16:16:23.991738
1927,0,0,0,1,2022-11-03 16:16:24.049949
1928,0,0,0,1,2022-11-03 16:16:24.149131
1929,0,0,0,1,2022-11-03 16:16:24.197482
1930,0,0,0,1,2022-11-03 16:16:24.249798
1931,0,0,0,1,2022-11-03 16:16:24.299622
1932,0,0,0,1,2022-11-03 16:16:24.411362
1933,0,0,0,1,2022-11-03 16:16:24.461993
1934,0,0,0,1,2022-11-03 16:16:24.556005
1935,0,0,0,1,2022-11-03 16:16:24.628653
1936,1,0,1,0,2022-11-03 16:16:24.695321
1937,1,0,1,0,2022-11-03 16:16:24.753636
1938,1,0,1,0,2022-11-03 16:16:24.829106
1939,1,0,1,0,2022-11-03 16:16:24.887068
1940,1,0,1,0,2022-11-03 16:16:24.946619
1941,1,0,1,0,2022-11-03 16:16:25.003568
1942,1,0,1,0,2022-11-03 16:16:25.071305
1943,1,0,1,0,2022-11-03 16:16:25.141069
1944,1,0,1,0,2022-11-03 16:16:25.205186
1945,1,0,1,0,2022-11-03 16:16:25.273759
1946,1,0,1,0,2022-11-03 16:16:25.328772
1947,1,0,1,0,2022-11-03 16:16:25.458792
1948,1,0,1,0,2022-11-03 16:16:25.512130
1949,1,0,1,0,2022-11-03 16:16:25.571602
1950,1,1,1,0,2022-11-03 16:16:25.641329
1951,0,1,1,0,2022-11-03 16:16:25.695370
1952,0,1,1,0,2022-11-03 16:16:25.762259
1953,0,1,1,0,2022-11-03 16:16:25.828937
1954,0,1,1,0,2022-11-03 16:16:25.895802
1955,0,1,1,0,2022-11-03 16:16:25.962177
1956,0,1,1,0,2022-11-03 16:16:26.028738
1957,0,1,1,0,2022-11-03 16:16:26.091647
1958,0,1,1,0,2022-11-03 16:16:26.212594
1959,0,1,1,0,2022-11-03 16:16:26.286914
1960,0,1,1,0,2022-11-03 16:16:26.347608
1961,0,1,1,0,2022-11-03 16:16:26.413446
1962,0,1,1,0,2022-11-03 16:16:26.538931
1963,0,1,1,0,2022-11-03 16:16:26.604001
1964,1,0,1,1,2022-11-03 16:16:26.678172
1965,1,0,1,1,2022-11-03 16:16:26.729369
1966,1,0,1,1,2022-11-03 16:16:26.778845
1967,1,0,1,1,2022-11-03 16:16:26.828759
1968,1,0,1,1,2022-11-03 16:16:26.886698
1969,1,0,1,1,2022-11-03 16:16:26.946179
1970,1,0,1,1,2022-11-03 16:16:27.003840
1971,1,0,1,1,2022-11-03 16:16:27.129174
1972,1,0,1,1,2022-11-03 16:16:27.203723
1973,0,0,1,0,2022-11-03 16:16:28.462550
1974,0,0,1,0,2022-11-03 16:16:28.521223
1975,0,0,1,0,2022-11-03 16:16:28.594876
1976,0,0,1,0,2022-11-03 16:16:28.653820
1977,0,0,1,0,2022-11-03 16:16:28.712135
1978,0,0,1,0,2022-11-03 16:16:28.771158
1979,0,0,1,0,2022-11-03 16:16:28.829323
1980,0,0,1,0,2022-11-03 16:16:28.887079
1981,0,0,1,0,2022-11-03 16:16:28.945716
1982,0,0,1,0,2022-11-03 16:16:29.004053
1983,0,0,1,0,2022-11-03 16:16:29.070573
1984,0,0,1,0,2022-11-03 16:16:29.129005
1985,0,0,1,0,2022-11-03 16:16:29.198364
1986,0,0,1,0,2022-11-03 16:16:29.262008
1987,0,0,1,0,2022-11-03 16:16:29.320977
1988,0,0,1,0,2022-11-03 16:16:29.387200
1989,0,0,1,0,2022-11-03 16:16:29.446823
1990,0,0,1,0,2022-11-03 16:16:29.503982
1991,0,0,1,0,2022-11-03 16:16:29.620771
1992,1,0,1,1,2022-11-03 16:16:29.687469
1993,1,0,1,1,2022-11-03 16:16:29.753901
1994,1,0,1,1,2022-11-03 16:16:29.812355
1995,1,0,1,1,2022-11-03 16:16:29.873234
1996,1,0,1,1,2022-11-03 16:16:29.937281
1997,1,0,1,1,2022-11-03 16:16:29.995573
1998,1,0,1,1,2022-11-03 16:16:30.053801
1999,1,0,1,1,2022-11-03 16:16:30.112836
2000,1,0,1,1,2022-11-03 16:16:30.195767
2001,1,0,1,1,2022-11-03 16:16:30.254057
2002,1,0,1,1,2022-11-03 16:16:30.312275
2003,0,0,0,0,2022-11-03 16:16:30.388149
2004,0,0,0,0,2022-11-03 16:16:30.463990
2005,0,0,0,0,2022-11-03 16:16:30.529033
2006,0,0,0,0,2022-11-03 16:16:30.590732
2007,0,0,0,0,2022-11-03 16:16:30.645597
2008,0,0,0,0,2022-11-03 16:16:30.745929
2009,0,0,0,0,2022-11-03 16:16:30.812298
2010,0,0,0,0,2022-11-03 16:16:30.881506
2011,0,0,0,0,2022-11-03 16:16:30.945972
2012,0,0,0,0,2022-11-03 16:16:31.013710
2013,0,0,0,0,2022-11-03 16:16:31.112409
2014,0,0,0,0,2022-11-03 16:16:31.191747
2015,0,0,0,0,2022-11-03 16:16:31.248153
2016,0,0,0,0,2022-11-03 16:16:31.316792
2017,1,0,1,0,2022-11-03 16:16:31.429162
2018,1,0,1,0,2022-11-03 16:16:31.486974
2019,1,0,1,0,2022-11-03 16:16:31.546527
2020,1,0,1,0,2022-11-03 16:16:31.604036
2021,1,0,1,0,2022-11-03 16:16:31.662085
2022,1,0,1,0,2022-11-03 16:16:31.722444
2023,1,0,1,0,2022-11-03 16:16:31.778933
2024,1,0,1,0,2022-11-03 16:16:31.846755
2025,1,0,1,0,2022-11-03 16:16:31.906770
2026,1,0,1,0,2022-11-03 16:16:32.027952
2027,1,0,1,0,2022-11-03 16:16:32.087087
2028,1,0,1,0,2022-11-03 16:16:32.147612
2029,1,0,1,0,2022-11-03 16:16:32.203972
2030,1,0,1,0,2022-11-03 16:16:32.291739
2031,1,0,1,0,2022-11-03 16:16:32.354983
2032,1,0,1,0,2022-11-03 16:16:32.412087
2033,1,0,1,0,2022-11-03 16:16:32.471004
2034,1,0,1,0,2022-11-03 16:16:32.528976
2035,1,0,1,0,2022-11-03 16:16:32.579048
2036,1,0,1,0,2022-11-03 16:16:32.648388
2037,1,0,1,0,2022-11-03 16:16:32.713441
2038,1,0,1,0,2022-11-03 16:16:32.771171
2039,1,0,1,0,2022-11-03 16:16:32.828019
2040,1,0,1,0,2022-11-03 16:16:32.878746
2041,1,0,1,0,2022-11-03 16:16:33.037123
2042,1,0,1,0,2022-11-03 16:16:33.089517
2043,1,0,1,0,2022-11-03 16:16:33.148846
2044,1,0,1,0,2022-11-03 16:16:33.254754
2045,1,0,1,0,2022-11-03 16:16:33.315171
2046,1,0,1,0,2022-11-03 16:16:33.365308
2047,1,0,1,0,2022-11-03 16:16:33.427195
2048,1,0,1,0,2022-11-03 16:16:33.473410
2049,1,0,1,0,2022-11-03 16:16:33.526974
2050,1,0,1,0,2022-11-03 16:16:33.586202
2051,1,1,0,0,2022-11-03 16:16:33.646337
2052,1,1,0,0,2022-11-03 16:16:33.698130
2053,1,1,0,0,2022-11-03 16:16:33.748079
2054,1,1,0,0,2022-11-03 16:16:33.795588
2055,1,1,0,0,2022-11-03 16:16:33.848493
2056,1,1,0,0,2022-11-03 16:16:33.891480
2057,1,1,0,0,2022-11-03 16:16:33.995558
2058,1,1,0,0,2022-11-03 16:16:34.055958
2059,1,1,0,0,2022-11-03 16:16:34.106755
2060,1,1,0,0,2022-11-03 16:16:34.231397
2061,1,1,0,0,2022-11-03 16:16:34.282960
2062,1,1,0,0,2022-11-03 16:16:34.333996
2063,0,1,1,1,2022-11-03 16:16:34.389886
2064,0,1,1,1,2022-11-03 16:16:34.446555
2065,0,1,1,1,2022-11-03 16:16:34.548605
2066,0,1,1,1,2022-11-03 16:16:34.598228
2067,0,1,1,1,2022-11-03 16:16:34.648252
2068,0,1,1,1,2022-11-03 16:16:34.698236
2069,0,1,1,1,2022-11-03 16:16:34.744380
2070,0,1,1,1,2022-11-03 16:16:34.793311
2071,0,1,1,1,2022-11-03 16:16:34.846472
2072,0,1,1,1,2022-11-03 16:16:34.898453
2073,0,1,1,1,2022-11-03 16:16:34.948077
2074,0,1,1,1,2022-11-03 16:16:34.998677
2075,0,1,1,1,2022-11-03 16:16:35.050321
2076,0,1,1,1,2022-11-03 16:16:35.098103
2077,0,1,1,1,2022-11-03 16:16:35.148377
2078,0,1,1,1,2022-11-03 16:16:35.200213
2079,0,1,1,1,2022-11-03 16:16:35.248574
2080,0,1,1,1,2022-11-03 16:16:35.358006
2081,0,1,1,1,2022-11-03 16:16:35.421127
2082,0,1,1,1,2022-11-03 16:16:35.469669
2083,0,1,1,1,2022-11-03 16:16:35.531893
2084,0,1,1,1,2022-11-03 16:16:35.584075
2085,1,0,0,0,2022-11-03 16:16:35.639530
2086,1,0,0,0,2022-11-03 16:16:35.691986
2087,1,0,0,0,2022-11-03 16:16:35.748011
2088,1,0,0,0,2022-11-03 16:16:35.807276
2089,1,0,0,0,2022-11-03 16:16:35.864533
2090,1,0,0,0,2022-11-03 16:16:35.915488
2091,1,0,0,0,2022-11-03 16:16:35.976594
2092,1,0,0,0,2022-11-03 16:16:36.032280
2093,1,0,0,0,2022-11-03 16:16:36.131660
2094,1,0,0,0,2022-11-03 16:16:36.201348
2095,1,0,0,0,2022-11-03 16:16:36.248266
2096,1,0,0,0,2022-11-03 16:16:36.298113
2097,1,0,0,0,2022-11-03 16:16:36.349513
2098,1,0,0,0,2022-11-03 16:16:36.406427
2099,1,0,0,0,2022-11-03 16:16:36.456604
2100,1,0,0,0,2022-11-03 16:16:36.507673
2101,1,0,0,0,2022-11-03 16:16:36.548449
2102,1,0,0,0,2022-11-03 16:16:36.589749
2103,1,0,0,0,2022-11-03 16:16:36.639492
2104,1,0,0,0,2022-11-03 16:16:36.689764
2105,1,0,0,0,2022-11-03 16:16:36.748221
2106,1,0,0,0,2022-11-03 16:16:36.798021
2107,1,0,0,0,2022-11-03 16:16:36.856430
2108,1,0,0,0,2022-11-03 16:16:36.959034
2109,1,0,0,0,2022-11-03 16:16:37.006481
2110,1,0,0,0,2022-11-03 16:16:37.066665
2111,1,0,0,0,2022-11-03 16:16:37.114699
2112,1,0,0,0,2022-11-03 16:16:37.231234
2113,1,0,0,0,2022-11-03 16:16:37.281488
2114,1,0,0,0,2022-11-03 16:16:37.339674
2115,1,0,0,0,2022-11-03 16:16:37.424336
2116,1,0,0,0,2022-11-03 16:16:37.505787
2117,1,0,0,0,2022-11-03 16:16:37.574881
2118,1,0,0,0,2022-11-03 16:16:37.631544
2119,1,0,0,0,2022-11-03 16:16:37.689935
2120,1,0,0,0,2022-11-03 16:16:37.739875
2121,1,0,0,0,2022-11-03 16:16:37.794863
2122,1,0,0,0,2022-11-03 16:16:37.842974
2123,1,0,0,0,2022-11-03 16:16:37.940066
2124,1,0,0,0,2022-11-03 16:16:37.991431
2125,1,0,0,0,2022-11-03 16:16:38.040646
2126,1,0,0,0,2022-11-03 16:16:38.099765
2127,1,0,0,0,2022-11-03 16:16:38.156589
2128,1,0,0,0,2022-11-03 16:16:38.226137
2129,1,0,0,0,2022-11-03 16:16:38.274748
2130,1,0,0,0,2022-11-03 16:16:38.330599
2131,1,0,0,0,2022-11-03 16:16:38.394468
2132,1,0,0,0,2022-11-03 16:16:38.482586
2133,1,0,0,0,2022-11-03 16:16:38.540059
2134,1,0,0,0,2022-11-03 16:16:38.583036
2135,1,0,0,0,2022-11-03 16:16:38.647572
2136,1,0,0,0,2022-11-03 16:16:38.709968
2137,1,0,0,0,2022-11-03 16:16:38.784036
2138,1,0,0,0,2022-11-03 16:16:38.858798
2139,1,0,0,0,2022-11-03 16:16:38.915367
2140,1,0,0,0,2022-11-03 16:16:38.968258
2141,1,0,0,0,2022-11-03 16:16:39.063185
2142,1,0,0,0,2022-11-03 16:16:39.116621
2143,1,0,0,0,2022-11-03 16:16:39.176532
2144,1,0,0,0,2022-11-03 16:16:39.231594
2145,1,0,0,0,2022-11-03 16:16:39.281595
2146,1,0,0,0,2022-11-03 16:16:39.339222
2147,1,0,0,0,2022-11-03 16:16:39.396759
2148,1,0,0,0,2022-11-03 16:16:39.440739
2149,1,0,0,0,2022-11-03 16:16:39.499856
2150,1,0,0,0,2022-11-03 16:16:39.555984
2151,1,0,0,0,2022-11-03 16:16:39.647609
2152,0,0,1,0,2022-11-03 16:16:39.704258
2153,0,0,1,0,2022-11-03 16:16:39.748595
2154,0,0,1,0,2022-11-03 16:16:39.797947
2155,0,0,1,0,2022-11-03 16:16:39.848340
2156,0,0,1,0,2022-11-03 16:16:39.898099
2157,0,0,1,0,2022-11-03 16:16:39.948125
2158,0,0,1,0,2022-11-03 16:16:40.047936
2159,0,0,1,0,2022-11-03 16:16:40.106924
2160,0,0,1,0,2022-11-03 16:16:40.158527
2161,0,0,1,0,2022-11-03 16:16:40.231199
2162,0,0,1,0,2022-11-03 16:16:40.281420
2163,0,0,1,0,2022-11-03 16:16:40.348713
2164,0,0,1,0,2022-11-03 16:16:40.402958
2165,0,0,1,0,2022-11-03 16:16:40.439972
2166,0,0,1,0,2022-11-03 16:16:40.506456
2167,0,0,1,0,2022-11-03 16:16:40.606459
2168,1,0,1,0,2022-11-03 16:16:40.661270
2169,1,0,0,0,2022-11-03 16:16:40.706175
2170,1,0,0,0,2022-11-03 16:16:40.766960
2171,1,0,0,0,2022-11-03 16:16:40.835239
2172,1,0,0,0,2022-11-03 16:16:40.897930
2173,1,0,0,0,2022-11-03 16:16:41.002856
2174,1,0,0,0,2022-11-03 16:16:41.056741
2175,1,0,0,0,2022-11-03 16:16:41.106376
2176,1,0,0,0,2022-11-03 16:16:41.164992
2177,1,0,0,0,2022-11-03 16:16:41.323364
2178,1,0,0,0,2022-11-03 16:16:41.398034
2179,1,0,0,0,2022-11-03 16:16:41.477789
2180,1,0,1,0,2022-11-03 16:16:41.556162
2181,1,0,1,0,2022-11-03 16:16:41.632268
2182,1,0,1,0,2022-11-03 16:16:41.726879
2183,1,0,1,0,2022-11-03 16:16:41.832198
2184,1,0,1,0,2022-11-03 16:16:41.906308
2185,1,0,1,0,2022-11-03 16:16:41.956281
2186,1,0,1,0,2022-11-03 16:16:42.014651
2187,1,0,1,0,2022-11-03 16:16:42.064519
2188,1,0,1,0,2022-11-03 16:16:42.138610
2189,1,0,1,0,2022-11-03 16:16:42.198308
2190,1,0,1,0,2022-11-03 16:16:42.239762
2191,1,0,1,0,2022-11-03 16:16:42.305096
2192,1,0,1,0,2022-11-03 16:16:42.364657
2193,1,0,1,0,2022-11-03 16:16:42.414706
2194,1,1,0,0,2022-11-03 16:16:42.480162
2195,1,1,0,0,2022-11-03 16:16:42.539687
2196,1,1,0,0,2022-11-03 16:16:42.589718
2197,1,1,0,0,2022-11-03 16:16:42.648085
2198,1,1,0,0,2022-11-03 16:16:42.701515
2199,1,1,0,0,2022-11-03 16:16:42.756613
2200,1,1,0,0,2022-11-03 16:16:42.806377
2201,1,1,0,0,2022-11-03 16:16:42.857154
2202,1,1,0,0,2022-11-03 16:16:42.948100
2203,1,1,0,0,2022-11-03 16:16:43.002460
2204,1,1,0,0,2022-11-03 16:16:43.056763
2205,1,1,0,0,2022-11-03 16:16:43.156292
2206,1,1,0,0,2022-11-03 16:16:43.205974
2207,1,1,0,0,2022-11-03 16:16:43.266455
2208,1,1,0,0,2022-11-03 16:16:43.325243
2209,1,1,0,0,2022-11-03 16:16:43.373816
2210,1,1,0,0,2022-11-03 16:16:43.422993
2211,0,0,0,0,2022-11-03 16:16:43.495250
2212,0,0,0,0,2022-11-03 16:16:43.547957
2213,0,0,0,0,2022-11-03 16:16:43.606167
2214,0,0,0,0,2022-11-03 16:16:43.666976
2215,0,0,0,0,2022-11-03 16:16:43.714660
2216,0,0,0,0,2022-11-03 16:16:43.764833
2217,0,0,0,0,2022-11-03 16:16:43.816944
2218,0,0,0,0,2022-11-03 16:16:43.867494
2219,0,0,0,0,2022-11-03 16:16:43.930992
2220,0,0,0,0,2022-11-03 16:16:44.031248
2221,0,0,0,0,2022-11-03 16:16:44.082286
2222,0,0,0,0,2022-11-03 16:16:44.131734
2223,0,0,0,0,2022-11-03 16:16:44.206456
2224,0,0,0,0,2022-11-03 16:16:44.249070
2225,0,0,0,0,2022-11-03 16:16:44.306051
2226,0,0,0,0,2022-11-03 16:16:44.361421
2227,0,0,0,0,2022-11-03 16:16:44.416286
2228,0,0,0,0,2022-11-03 16:16:44.455973
2229,1,0,0,0,2022-11-03 16:16:44.530239
2230,1,0,0,0,2022-11-03 16:16:44.581390
2231,1,0,0,0,2022-11-03 16:16:44.639627
2232,1,0,0,0,2022-11-03 16:16:44.690371
2233,1,0,0,0,2022-11-03 16:16:44.739541
2234,1,0,0,0,2022-11-03 16:16:44.793423
2235,1,0,0,0,2022-11-03 16:16:44.856412
2236,1,0,0,0,2022-11-03 16:16:44.906778
2237,1,0,0,0,2022-11-03 16:16:44.956233
2238,1,0,0,0,2022-11-03 16:16:45.008811
2239,1,0,0,0,2022-11-03 16:16:45.056184
2240,1,0,0,0,2022-11-03 16:16:45.106326
2241,1,0,0,0,2022-11-03 16:16:45.148667
2242,1,0,0,0,2022-11-03 16:16:45.267108
2243,1,0,0,0,2022-11-03 16:16:45.341815
2244,1,0,0,0,2022-11-03 16:16:45.381614
2245,1,0,0,0,2022-11-03 16:16:45.439643
2246,1,0,0,0,2022-11-03 16:16:45.491769
2247,1,0,0,0,2022-11-03 16:16:45.546551
2248,1,1,1,0,2022-11-03 16:16:45.606818
2249,1,1,1,0,2022-11-03 16:16:45.664531
2250,1,1,1,0,2022-11-03 16:16:45.750943
2251,1,1,1,0,2022-11-03 16:16:45.811183
2252,1,1,1,0,2022-11-03 16:16:45.873149
2253,1,1,1,0,2022-11-03 16:16:45.951079
2254,1,1,1,0,2022-11-03 16:16:46.057668
2255,1,1,1,0,2022-11-03 16:16:46.114736
2256,1,1,1,0,2022-11-03 16:16:46.171702
2257,1,1,1,0,2022-11-03 16:16:46.263559
2258,1,1,1,0,2022-11-03 16:16:46.333949
2259,1,1,1,0,2022-11-03 16:16:46.386529
2260,1,1,1,0,2022-11-03 16:16:46.431382
2261,1,1,1,0,2022-11-03 16:16:46.485742
2262,1,1,1,0,2022-11-03 16:16:46.532810
2263,1,1,1,0,2022-11-03 16:16:46.638661
2264,1,0,0,0,2022-11-03 16:16:46.710553
2265,1,0,0,0,2022-11-03 16:16:46.779418
2266,1,0,0,0,2022-11-03 16:16:46.843970
2267,1,0,0,0,2022-11-03 16:16:46.910181
2268,1,0,0,0,2022-11-03 16:16:46.968850
2269,1,0,0,0,2022-11-03 16:16:47.036058
2270,1,0,0,0,2022-11-03 16:16:47.139441
2271,1,0,0,0,2022-11-03 16:16:47.215911
2272,1,0,0,0,2022-11-03 16:16:47.264774
2273,1,0,0,0,2022-11-03 16:16:47.322817
2274,1,0,0,0,2022-11-03 16:16:47.382194
2275,1,0,0,0,2022-11-03 16:16:47.431383
2276,1,0,0,0,2022-11-03 16:16:47.489999
2277,1,0,0,0,2022-11-03 16:16:47.542379
2278,1,0,0,0,2022-11-03 16:16:47.639960
2279,1,0,0,0,2022-11-03 16:16:47.689684
2280,1,0,0,0,2022-11-03 16:16:47.753048
2281,1,0,0,0,2022-11-03 16:16:47.856739
2282,1,0,0,0,2022-11-03 16:16:47.915018
2283,1,0,0,0,2022-11-03 16:16:47.968560
2284,1,0,0,0,2022-11-03 16:16:48.023159
2285,1,0,0,0,2022-11-03 16:16:48.131654
2286,1,0,0,0,2022-11-03 16:16:48.181386
2287,1,0,0,0,2022-11-03 16:16:48.225610
2288,1,0,0,0,2022-11-03 16:16:48.267058
2289,1,0,0,0,2022-11-03 16:16:48.373182
2290,1,0,0,0,2022-11-03 16:16:48.430757
2291,1,0,1,0,2022-11-03 16:16:48.500541
2292,1,0,1,0,2022-11-03 16:16:48.607587
2293,1,0,1,0,2022-11-03 16:16:48.666005
2294,1,0,1,0,2022-11-03 16:16:48.723088
2295,1,0,1,0,2022-11-03 16:16:48.778965
2296,1,0,1,0,2022-11-03 16:16:48.838729
2297,1,0,1,0,2022-11-03 16:16:48.889916
2298,1,0,1,0,2022-11-03 16:16:48.948180
2299,1,0,1,0,2022-11-03 16:16:49.002170
2300,1,0,1,0,2022-11-03 16:16:49.056582
2301,1,0,1,0,2022-11-03 16:16:49.148786
2302,1,0,1,0,2022-11-03 16:16:49.222793
2303,1,0,1,0,2022-11-03 16:16:49.279207
2304,1,0,1,0,2022-11-03 16:16:49.381526
2305,1,0,1,0,2022-11-03 16:16:49.439941
2306,1,0,1,0,2022-11-03 16:16:49.490501
2307,1,0,1,0,2022-11-03 16:16:49.592005
2308,1,0,1,0,2022-11-03 16:16:49.651133
2309,1,0,0,1,2022-11-03 16:16:49.706735
2310,1,0,0,1,2022-11-03 16:16:49.756650
2311,1,0,0,1,2022-11-03 16:16:49.814940
2312,1,0,0,1,2022-11-03 16:16:49.864654
2313,1,0,0,1,2022-11-03 16:16:49.906734
2314,1,0,0,1,2022-11-03 16:16:49.951256
2315,1,0,0,1,2022-11-03 16:16:49.998509
2316,1,0,0,1,2022-11-03 16:16:50.074838
2317,1,0,0,1,2022-11-03 16:16:50.133604
2318,1,0,0,1,2022-11-03 16:16:50.189793
2319,1,0,0,1,2022-11-03 16:16:50.249476
2320,1,0,0,1,2022-11-03 16:16:50.307462
2321,1,0,0,1,2022-11-03 16:16:50.369296
2322,1,0,0,1,2022-11-03 16:16:50.423266
2323,1,0,0,1,2022-11-03 16:16:50.481839
2324,1,0,0,1,2022-11-03 16:16:50.539921
2325,1,0,0,1,2022-11-03 16:16:50.600606
2326,1,0,0,1,2022-11-03 16:16:50.656558
2327,1,0,1,0,2022-11-03 16:16:50.708604
2328,1,0,1,0,2022-11-03 16:16:50.766326
2329,1,0,1,0,2022-11-03 16:16:50.809877
2330,1,0,1,0,2022-11-03 16:16:50.898120
2331,1,0,1,0,2022-11-03 16:16:50.956643
2332,1,0,1,0,2022-11-03 16:16:51.007698
2333,1,0,1,0,2022-11-03 16:16:51.065054
2334,1,0,1,0,2022-11-03 16:16:51.177637
2335,1,0,1,0,2022-11-03 16:16:51.231660
2336,1,0,1,0,2022-11-03 16:16:51.284993
2337,1,0,1,0,2022-11-03 16:16:51.339705
2338,1,0,1,0,2022-11-03 16:16:51.402115
2339,1,0,1,0,2022-11-03 16:16:51.456254
2340,1,0,1,0,2022-11-03 16:16:51.556332
2341,1,0,1,0,2022-11-03 16:16:51.606407
2342,1,0,1,0,2022-11-03 16:16:51.657217
2343,1,0,0,0,2022-11-03 16:16:51.707814
2344,1,0,0,0,2022-11-03 16:16:51.815565
2345,1,0,0,0,2022-11-03 16:16:51.873370
2346,1,0,0,0,2022-11-03 16:16:51.932148
2347,1,0,0,0,2022-11-03 16:16:52.039460
2348,1,0,0,0,2022-11-03 16:16:52.106395
2349,1,0,0,0,2022-11-03 16:16:52.147974
2350,1,0,0,0,2022-11-03 16:16:52.206701
2351,1,0,0,0,2022-11-03 16:16:52.316081
2352,1,0,0,0,2022-11-03 16:16:52.382585
2353,1,1,0,0,2022-11-03 16:16:52.439912
2354,1,1,0,0,2022-11-03 16:16:52.548459
2355,1,1,0,0,2022-11-03 16:16:52.603232
2356,1,1,0,0,2022-11-03 16:16:52.656468
2357,1,1,0,0,2022-11-03 16:16:52.706635
2358,1,1,0,0,2022-11-03 16:16:52.810039
2359,1,1,0,0,2022-11-03 16:16:52.890114
2360,1,1,0,0,2022-11-03 16:16:52.974780
